name,batch,qlen,kv_len,flashinfer_bf16_us,native_fp8_us,triton_fp8_us,native_prequantized_q_us,native_including_kv_quant_us,speedup_vs_bf16,speedup_vs_triton,relative_l2,bm,bn,stages,groups,fused,workers
decode_b1_1k,1,1,1024,22.52800017595291,18.432000651955605,16.383999958634377,16.383999958634377,,1.2222221885372344,0.8888888552039012,0.050939254462718964,32,32,1,4,True,55
decode_b1_8k,1,1,8192,55.296000093221664,30.719999223947525,24.57600086927414,30.719999223947525,,1.8000000485063854,0.8000000485063853,0.04085356742143631,32,32,1,4,True,110
decode_b1_32k,1,1,32768,102.39999741315842,61.43999844789505,61.43999844789505,59.39200147986412,,1.6666666666666667,1.0,0.030963556841015816,32,32,1,2,False,220
decode_b4_8k,4,1,8192,94.2080020904541,53.247999399900436,59.39200147986412,51.19999870657921,,1.76923082842865,1.1153846557468068,0.0376928448677063,32,32,1,2,False,220
decode_b4_32k,4,1,32768,231.4240038394928,130.0479993224144,149.50400590896606,129.02399897575378,,1.779527597850602,1.14960635063917,0.030438024550676346,32,32,1,2,False,220
decode_b16_8k,16,1,8192,296.9599962234497,137.2160017490387,151.5520066022873,135.16800105571747,,2.1641790493690007,1.1044776459779702,0.03945964574813843,32,32,1,2,False,440
decode_b16_32k,16,1,32768,1254.256010055542,415.74400663375854,492.5279915332794,413.6959910392761,,3.016894988363486,1.1846905395491658,0.030891982838511467,32,32,1,2,False,440
extend_16_8k,1,16,8192,96.25600278377533,77.82399654388428,,77.79199630022049,,1.2368421959606946,,0.03776560351252556,32,32,1,2,True,220
prefill_128,1,128,128,28.672000393271446,34.81600061058998,,30.719999223947525,32.76799991726875,0.8235294086176654,,0.05026176944375038,32,32,1,2,True,55
prefill_512,1,512,512,81.91999793052673,116.73600226640701,,104.44799810647964,102.39999741315842,0.7017543546126794,,0.05261843279004097,32,32,1,2,False,220
extend_128_8k,1,128,8192,686.0799789428711,358.39998722076416,,356.3520014286041,,1.9142857237890063,,0.03848639130592346,64,64,1,2,False,440
prefill_2048,1,2048,2048,821.2479948997498,714.7520184516907,,657.4079990386963,651.2640118598938,1.1489970978728437,,0.05311257019639015,64,64,1,2,False,110
prefill_4096,1,4096,4096,3129.3439865112305,2477.0560264587402,,2354.688048362732,2365.4398918151855,1.2633319364136535,,0.05138915404677391,64,64,1,2,False,110
