timestamp, clocks.current.sm [MHz], clocks.current.memory [MHz], temperature.gpu, power.draw [W], utilization.gpu [%]
2026/09/16 10:40:48.648, 180 MHz, 405 MHz, 30, 11.45 W, 0 %
2026/09/16 10:40:49.168, 180 MHz, 405 MHz, 30, 11.45 W, 0 %
2026/09/16 10:40:49.668, 180 MHz, 405 MHz, 30, 11.45 W, 0 %
2026/09/16 10:40:50.168, 180 MHz, 405 MHz, 30, 11.71 W, 0 %
2026/09/16 10:40:50.668, 180 MHz, 405 MHz, 30, 13.39 W, 0 %
2026/09/16 10:40:51.168, 180 MHz, 405 MHz, 30, 15.56 W, 0 %
2026/09/16 10:40:51.668, 2460 MHz, 13801 MHz, 31, 35.31 W, 0 %
2026/09/16 10:40:52.168, 2452 MHz, 13801 MHz, 31, 58.47 W, 1 %
2026/09/16 10:40:52.669, 2880 MHz, 13801 MHz, 37, 114.26 W, 99 %
2026/09/16 10:40:53.169, 2880 MHz, 13801 MHz, 38, 180.28 W, 99 %
2026/09/16 10:40:53.669, 2880 MHz, 13801 MHz, 40, 201.19 W, 97 %
2026/09/16 10:40:54.169, 2880 MHz, 13801 MHz, 40, 207.12 W, 97 %
2026/09/16 10:40:54.669, 2880 MHz, 13801 MHz, 40, 209.74 W, 99 %
2026/09/16 10:40:55.169, 2880 MHz, 13801 MHz, 41, 207.42 W, 98 %
2026/09/16 10:40:55.670, 2880 MHz, 13801 MHz, 41, 206.10 W, 89 %
2026/09/16 10:40:56.170, 2880 MHz, 13801 MHz, 41, 208.42 W, 99 %
2026/09/16 10:40:56.670, 2880 MHz, 13801 MHz, 42, 211.73 W, 96 %
2026/09/16 10:40:57.170, 2880 MHz, 13801 MHz, 42, 211.51 W, 98 %
2026/09/16 10:40:57.670, 2880 MHz, 13801 MHz, 42, 209.02 W, 97 %
2026/09/16 10:40:58.170, 2880 MHz, 13801 MHz, 42, 209.01 W, 100 %
2026/09/16 10:40:58.670, 2880 MHz, 13801 MHz, 42, 209.40 W, 100 %
2026/09/16 10:40:59.171, 2880 MHz, 13801 MHz, 43, 217.39 W, 100 %
2026/09/16 10:40:59.671, 2880 MHz, 13801 MHz, 44, 235.41 W, 100 %
2026/09/16 10:41:00.171, 2857 MHz, 13801 MHz, 56, 322.31 W, 100 %
2026/09/16 10:41:00.671, 2760 MHz, 13801 MHz, 56, 467.12 W, 100 %
2026/09/16 10:41:01.171, 2760 MHz, 13801 MHz, 57, 581.96 W, 97 %
2026/09/16 10:41:01.671, 2887 MHz, 13801 MHz, 40, 355.78 W, 0 %
2026/09/16 10:41:02.172, 2880 MHz, 13801 MHz, 42, 173.19 W, 97 %
2026/09/16 10:41:02.672, 2880 MHz, 13801 MHz, 43, 172.53 W, 97 %
2026/09/16 10:41:03.172, 2880 MHz, 13801 MHz, 42, 186.90 W, 98 %
2026/09/16 10:41:03.672, 2880 MHz, 13801 MHz, 42, 185.71 W, 98 %
2026/09/16 10:41:04.172, 2880 MHz, 13801 MHz, 43, 185.79 W, 98 %
2026/09/16 10:41:04.672, 2880 MHz, 13801 MHz, 43, 185.79 W, 98 %
2026/09/16 10:41:05.173, 2880 MHz, 13801 MHz, 43, 186.94 W, 98 %
2026/09/16 10:41:05.673, 2872 MHz, 13801 MHz, 46, 199.17 W, 94 %
2026/09/16 10:41:06.173, 2850 MHz, 13801 MHz, 49, 264.45 W, 94 %
2026/09/16 10:41:06.673, 2850 MHz, 13801 MHz, 50, 319.54 W, 94 %
2026/09/16 10:41:07.173, 2797 MHz, 13801 MHz, 58, 357.28 W, 100 %
2026/09/16 10:41:07.673, 2497 MHz, 13801 MHz, 58, 492.20 W, 100 %
2026/09/16 10:41:08.173, 2430 MHz, 13801 MHz, 59, 579.16 W, 100 %
2026/09/16 10:41:08.674, 2430 MHz, 13801 MHz, 59, 575.03 W, 100 %
2026/09/16 10:41:09.174, 2452 MHz, 13801 MHz, 59, 574.98 W, 100 %
2026/09/16 10:41:09.674, 2490 MHz, 13801 MHz, 60, 574.98 W, 100 %
2026/09/16 10:41:10.174, 2490 MHz, 13801 MHz, 60, 574.99 W, 100 %
2026/09/16 10:41:10.674, 2430 MHz, 13801 MHz, 60, 575.00 W, 100 %
2026/09/16 10:41:11.174, 2415 MHz, 13801 MHz, 60, 575.00 W, 100 %
2026/09/16 10:41:11.674, 2415 MHz, 13801 MHz, 61, 575.00 W, 100 %
2026/09/16 10:41:12.174, 2482 MHz, 13801 MHz, 61, 574.99 W, 100 %
2026/09/16 10:41:12.675, 2482 MHz, 13801 MHz, 61, 574.99 W, 100 %
2026/09/16 10:41:13.175, 2475 MHz, 13801 MHz, 61, 574.95 W, 100 %
2026/09/16 10:41:13.675, 2407 MHz, 13801 MHz, 61, 574.99 W, 100 %
2026/09/16 10:41:14.175, 2407 MHz, 13801 MHz, 62, 575.03 W, 100 %
2026/09/16 10:41:14.675, 2460 MHz, 13801 MHz, 62, 574.98 W, 100 %
2026/09/16 10:41:15.175, 2490 MHz, 13801 MHz, 54, 562.00 W, 67 %
2026/09/16 10:41:15.675, 2677 MHz, 13801 MHz, 64, 571.50 W, 100 %
2026/09/16 10:41:16.175, 2670 MHz, 13801 MHz, 64, 585.49 W, 100 %
2026/09/16 10:41:16.676, 2670 MHz, 13801 MHz, 64, 574.99 W, 100 %
2026/09/16 10:41:17.176, 2662 MHz, 13801 MHz, 65, 575.00 W, 100 %
2026/09/16 10:41:17.676, 2490 MHz, 13801 MHz, 62, 573.95 W, 100 %
2026/09/16 10:41:18.176, 2107 MHz, 13801 MHz, 62, 575.01 W, 100 %
2026/09/16 10:41:18.676, 2107 MHz, 13801 MHz, 62, 576.14 W, 100 %
2026/09/16 10:41:19.176, 2107 MHz, 13801 MHz, 63, 574.99 W, 100 %
2026/09/16 10:41:19.676, 2100 MHz, 13801 MHz, 63, 574.98 W, 100 %
2026/09/16 10:41:20.176, 2100 MHz, 13801 MHz, 63, 574.99 W, 100 %
2026/09/16 10:41:20.677, 2122 MHz, 13801 MHz, 63, 574.99 W, 100 %
2026/09/16 10:41:21.177, 2115 MHz, 13801 MHz, 64, 574.97 W, 100 %
2026/09/16 10:41:21.677, 2115 MHz, 13801 MHz, 64, 575.03 W, 100 %
2026/09/16 10:41:22.177, 2115 MHz, 13801 MHz, 64, 574.99 W, 100 %
2026/09/16 10:41:22.677, 2107 MHz, 13801 MHz, 64, 574.96 W, 100 %
2026/09/16 10:41:23.177, 2107 MHz, 13801 MHz, 65, 574.99 W, 100 %
2026/09/16 10:41:23.677, 2107 MHz, 13801 MHz, 65, 574.98 W, 100 %
2026/09/16 10:41:24.177, 2107 MHz, 13801 MHz, 65, 574.98 W, 100 %
2026/09/16 10:41:24.677, 2107 MHz, 13801 MHz, 65, 575.01 W, 100 %
2026/09/16 10:41:25.178, 2107 MHz, 13801 MHz, 65, 575.01 W, 100 %
2026/09/16 10:41:25.678, 2100 MHz, 13801 MHz, 66, 574.98 W, 100 %
2026/09/16 10:41:26.178, 2100 MHz, 13801 MHz, 66, 574.88 W, 100 %
2026/09/16 10:41:26.678, 2085 MHz, 13801 MHz, 66, 574.99 W, 100 %
2026/09/16 10:41:27.178, 2085 MHz, 13801 MHz, 66, 575.14 W, 100 %
2026/09/16 10:41:27.678, 2085 MHz, 13801 MHz, 66, 574.99 W, 100 %
2026/09/16 10:41:28.178, 2085 MHz, 13801 MHz, 66, 574.95 W, 100 %
2026/09/16 10:41:28.679, 2085 MHz, 13801 MHz, 67, 574.98 W, 100 %
2026/09/16 10:41:29.179, 2085 MHz, 13801 MHz, 67, 574.92 W, 100 %
2026/09/16 10:41:29.679, 2077 MHz, 13801 MHz, 67, 574.98 W, 100 %
2026/09/16 10:41:30.179, 2077 MHz, 13801 MHz, 67, 575.01 W, 100 %
2026/09/16 10:41:30.679, 2077 MHz, 13801 MHz, 67, 574.98 W, 100 %
2026/09/16 10:41:31.179, 2077 MHz, 13801 MHz, 67, 574.96 W, 100 %
2026/09/16 10:41:31.679, 2077 MHz, 13801 MHz, 68, 574.99 W, 100 %
2026/09/16 10:41:32.180, 2077 MHz, 13801 MHz, 68, 574.97 W, 100 %
2026/09/16 10:41:32.680, 2092 MHz, 13801 MHz, 68, 574.97 W, 100 %
2026/09/16 10:41:33.180, 2085 MHz, 13801 MHz, 68, 574.99 W, 100 %
2026/09/16 10:41:33.680, 2085 MHz, 13801 MHz, 68, 574.99 W, 100 %
2026/09/16 10:41:34.180, 2085 MHz, 13801 MHz, 68, 574.98 W, 100 %
2026/09/16 10:41:34.680, 2085 MHz, 13801 MHz, 69, 574.97 W, 100 %
2026/09/16 10:41:35.180, 2092 MHz, 13801 MHz, 69, 574.95 W, 100 %
2026/09/16 10:41:35.680, 2085 MHz, 13801 MHz, 69, 574.98 W, 100 %
2026/09/16 10:41:36.181, 2085 MHz, 13801 MHz, 69, 575.05 W, 100 %
2026/09/16 10:41:36.681, 2085 MHz, 13801 MHz, 69, 575.00 W, 100 %
2026/09/16 10:41:37.181, 2085 MHz, 13801 MHz, 69, 574.98 W, 100 %
2026/09/16 10:41:37.681, 2085 MHz, 13801 MHz, 69, 574.99 W, 100 %
2026/09/16 10:41:38.181, 2070 MHz, 13801 MHz, 69, 574.98 W, 100 %
2026/09/16 10:41:38.681, 2062 MHz, 13801 MHz, 70, 574.99 W, 100 %
2026/09/16 10:41:39.181, 2062 MHz, 13801 MHz, 70, 575.00 W, 100 %
2026/09/16 10:41:39.681, 2055 MHz, 13801 MHz, 70, 575.00 W, 100 %
2026/09/16 10:41:40.182, 2062 MHz, 13801 MHz, 70, 574.98 W, 100 %
2026/09/16 10:41:40.682, 2055 MHz, 13801 MHz, 70, 574.97 W, 100 %
2026/09/16 10:41:41.182, 2055 MHz, 13801 MHz, 70, 574.99 W, 100 %
2026/09/16 10:41:41.682, 2055 MHz, 13801 MHz, 70, 574.98 W, 100 %
2026/09/16 10:41:42.182, 2055 MHz, 13801 MHz, 70, 575.00 W, 100 %
2026/09/16 10:41:42.682, 2055 MHz, 13801 MHz, 71, 574.98 W, 100 %
2026/09/16 10:41:43.182, 2055 MHz, 13801 MHz, 71, 574.97 W, 100 %
2026/09/16 10:41:43.682, 2055 MHz, 13801 MHz, 71, 574.99 W, 100 %
2026/09/16 10:41:44.182, 2070 MHz, 13801 MHz, 71, 575.01 W, 100 %
2026/09/16 10:41:44.682, 2062 MHz, 13801 MHz, 71, 575.00 W, 100 %
2026/09/16 10:41:45.183, 2062 MHz, 13801 MHz, 71, 575.02 W, 100 %
2026/09/16 10:41:45.683, 2062 MHz, 13801 MHz, 71, 574.97 W, 100 %
2026/09/16 10:41:46.183, 2062 MHz, 13801 MHz, 71, 574.96 W, 100 %
2026/09/16 10:41:46.683, 2055 MHz, 13801 MHz, 71, 574.99 W, 100 %
2026/09/16 10:41:47.183, 2055 MHz, 13801 MHz, 72, 574.99 W, 100 %
2026/09/16 10:41:47.683, 2055 MHz, 13801 MHz, 72, 574.98 W, 100 %
2026/09/16 10:41:48.183, 2055 MHz, 13801 MHz, 72, 574.98 W, 100 %
2026/09/16 10:41:48.683, 2055 MHz, 13801 MHz, 72, 575.01 W, 100 %
2026/09/16 10:41:49.184, 2055 MHz, 13801 MHz, 72, 575.01 W, 100 %
2026/09/16 10:41:49.684, 2055 MHz, 13801 MHz, 72, 574.99 W, 100 %
2026/09/16 10:41:50.184, 2040 MHz, 13801 MHz, 72, 574.99 W, 100 %
2026/09/16 10:41:50.684, 2032 MHz, 13801 MHz, 72, 575.01 W, 100 %
2026/09/16 10:41:51.184, 2040 MHz, 13801 MHz, 72, 574.98 W, 100 %
2026/09/16 10:41:51.684, 2032 MHz, 13801 MHz, 72, 574.98 W, 100 %
2026/09/16 10:41:52.184, 2032 MHz, 13801 MHz, 72, 574.98 W, 100 %
2026/09/16 10:41:52.684, 2032 MHz, 13801 MHz, 72, 574.97 W, 100 %
2026/09/16 10:41:53.185, 2865 MHz, 13801 MHz, 59, 414.07 W, 0 %
2026/09/16 10:41:53.685, 2865 MHz, 14001 MHz, 58, 219.29 W, 0 %
2026/09/16 10:41:54.185, 2865 MHz, 14001 MHz, 57, 111.65 W, 0 %
2026/09/16 10:41:54.685, 2865 MHz, 14001 MHz, 57, 110.25 W, 0 %
2026/09/16 10:41:55.185, 1132 MHz, 7001 MHz, 54, 89.35 W, 0 %
2026/09/16 10:41:55.685, 1305 MHz, 14001 MHz, 54, 72.61 W, 1 %
2026/09/16 10:41:56.186, 2400 MHz, 13801 MHz, 54, 72.44 W, 0 %
2026/09/16 10:41:56.686, 2445 MHz, 13801 MHz, 56, 94.40 W, 86 %
2026/09/16 10:41:57.186, 2857 MHz, 13801 MHz, 59, 166.51 W, 97 %
2026/09/16 10:41:57.686, 2857 MHz, 13801 MHz, 60, 227.44 W, 99 %
2026/09/16 10:41:58.186, 2857 MHz, 13801 MHz, 60, 230.40 W, 98 %
2026/09/16 10:41:58.686, 2857 MHz, 13801 MHz, 60, 234.49 W, 97 %
2026/09/16 10:41:59.187, 2857 MHz, 13801 MHz, 60, 234.51 W, 98 %
2026/09/16 10:41:59.687, 2857 MHz, 13801 MHz, 60, 232.20 W, 98 %
2026/09/16 10:42:00.187, 2857 MHz, 13801 MHz, 60, 231.57 W, 97 %
2026/09/16 10:42:00.687, 2857 MHz, 13801 MHz, 60, 234.55 W, 98 %
2026/09/16 10:42:01.187, 2857 MHz, 13801 MHz, 59, 235.27 W, 83 %
2026/09/16 10:42:01.687, 2857 MHz, 13801 MHz, 59, 233.58 W, 96 %
2026/09/16 10:42:02.188, 2857 MHz, 13801 MHz, 59, 231.68 W, 98 %
2026/09/16 10:42:02.688, 2857 MHz, 13801 MHz, 59, 231.46 W, 100 %
2026/09/16 10:42:03.188, 2857 MHz, 13801 MHz, 59, 231.40 W, 100 %
2026/09/16 10:42:03.688, 2857 MHz, 13801 MHz, 60, 247.17 W, 100 %
2026/09/16 10:42:04.188, 2857 MHz, 13801 MHz, 60, 265.49 W, 100 %
2026/09/16 10:42:04.688, 2745 MHz, 13801 MHz, 69, 397.02 W, 100 %
2026/09/16 10:42:05.188, 2715 MHz, 13801 MHz, 69, 524.52 W, 100 %
2026/09/16 10:42:05.688, 2767 MHz, 13801 MHz, 58, 512.11 W, 0 %
2026/09/16 10:42:06.188, 2865 MHz, 13801 MHz, 56, 279.06 W, 85 %
2026/09/16 10:42:06.688, 2857 MHz, 13801 MHz, 58, 166.03 W, 96 %
2026/09/16 10:42:07.189, 2857 MHz, 13801 MHz, 58, 207.09 W, 96 %
2026/09/16 10:42:07.689, 2857 MHz, 13801 MHz, 57, 208.10 W, 98 %
2026/09/16 10:42:08.189, 2857 MHz, 13801 MHz, 57, 207.80 W, 98 %
2026/09/16 10:42:08.689, 2857 MHz, 13801 MHz, 57, 206.50 W, 80 %
2026/09/16 10:42:09.189, 2857 MHz, 13801 MHz, 57, 207.15 W, 99 %
2026/09/16 10:42:09.689, 2857 MHz, 13801 MHz, 57, 209.21 W, 99 %
2026/09/16 10:42:10.190, 2842 MHz, 13801 MHz, 61, 242.17 W, 95 %
2026/09/16 10:42:10.690, 2842 MHz, 13801 MHz, 62, 299.76 W, 95 %
2026/09/16 10:42:11.190, 2842 MHz, 13801 MHz, 62, 342.21 W, 95 %
2026/09/16 10:42:11.690, 2610 MHz, 13801 MHz, 68, 414.13 W, 100 %
2026/09/16 10:42:12.190, 2430 MHz, 13801 MHz, 69, 531.08 W, 100 %
2026/09/16 10:42:12.690, 2362 MHz, 13801 MHz, 69, 575.78 W, 100 %
2026/09/16 10:42:13.190, 2362 MHz, 13801 MHz, 69, 575.04 W, 100 %
2026/09/16 10:42:13.690, 2407 MHz, 13801 MHz, 69, 574.98 W, 100 %
2026/09/16 10:42:14.191, 2430 MHz, 13801 MHz, 69, 574.92 W, 100 %
2026/09/16 10:42:14.691, 2422 MHz, 13801 MHz, 70, 574.97 W, 100 %
2026/09/16 10:42:15.191, 2355 MHz, 13801 MHz, 70, 574.99 W, 100 %
2026/09/16 10:42:15.691, 2355 MHz, 13801 MHz, 70, 574.98 W, 100 %
2026/09/16 10:42:16.191, 2347 MHz, 13801 MHz, 70, 574.98 W, 100 %
2026/09/16 10:42:16.691, 2415 MHz, 13801 MHz, 70, 575.04 W, 100 %
2026/09/16 10:42:17.191, 2415 MHz, 13801 MHz, 70, 575.00 W, 100 %
2026/09/16 10:42:17.692, 2407 MHz, 13801 MHz, 71, 574.99 W, 100 %
2026/09/16 10:42:18.192, 2347 MHz, 13801 MHz, 71, 575.01 W, 100 %
2026/09/16 10:42:18.692, 2347 MHz, 13801 MHz, 71, 575.01 W, 100 %
2026/09/16 10:42:19.192, 2392 MHz, 13801 MHz, 71, 575.00 W, 100 %
2026/09/16 10:42:19.692, 2415 MHz, 13801 MHz, 71, 561.82 W, 69 %
2026/09/16 10:42:20.192, 2632 MHz, 13801 MHz, 73, 573.64 W, 100 %
2026/09/16 10:42:20.692, 2625 MHz, 13801 MHz, 73, 588.19 W, 100 %
2026/09/16 10:42:21.192, 2617 MHz, 13801 MHz, 73, 575.24 W, 100 %
2026/09/16 10:42:21.692, 2617 MHz, 13801 MHz, 73, 575.00 W, 100 %
2026/09/16 10:42:22.193, 2610 MHz, 13801 MHz, 72, 571.03 W, 100 %
2026/09/16 10:42:22.693, 2047 MHz, 13801 MHz, 71, 573.02 W, 100 %
2026/09/16 10:42:23.193, 2047 MHz, 13801 MHz, 71, 586.13 W, 100 %
2026/09/16 10:42:23.693, 2047 MHz, 13801 MHz, 71, 575.05 W, 100 %
2026/09/16 10:42:24.193, 2040 MHz, 13801 MHz, 71, 575.01 W, 100 %
2026/09/16 10:42:24.693, 2040 MHz, 13801 MHz, 71, 575.01 W, 100 %
2026/09/16 10:42:25.193, 2047 MHz, 13801 MHz, 71, 574.98 W, 100 %
2026/09/16 10:42:25.694, 2055 MHz, 13801 MHz, 71, 574.98 W, 100 %
2026/09/16 10:42:26.194, 2055 MHz, 13801 MHz, 71, 574.98 W, 100 %
2026/09/16 10:42:26.694, 2055 MHz, 13801 MHz, 72, 574.98 W, 100 %
2026/09/16 10:42:27.194, 2047 MHz, 13801 MHz, 72, 575.00 W, 100 %
2026/09/16 10:42:27.694, 2047 MHz, 13801 MHz, 72, 574.96 W, 100 %
2026/09/16 10:42:28.194, 2047 MHz, 13801 MHz, 72, 574.97 W, 100 %
2026/09/16 10:42:28.694, 2047 MHz, 13801 MHz, 72, 574.99 W, 100 %
2026/09/16 10:42:29.195, 2047 MHz, 13801 MHz, 72, 575.02 W, 100 %
2026/09/16 10:42:29.695, 2047 MHz, 13801 MHz, 72, 574.97 W, 100 %
2026/09/16 10:42:30.195, 2047 MHz, 13801 MHz, 72, 575.00 W, 100 %
2026/09/16 10:42:30.695, 2047 MHz, 13801 MHz, 73, 574.98 W, 100 %
2026/09/16 10:42:31.195, 2040 MHz, 13801 MHz, 72, 574.99 W, 100 %
2026/09/16 10:42:31.695, 2032 MHz, 13801 MHz, 73, 575.01 W, 100 %
2026/09/16 10:42:32.195, 2025 MHz, 13801 MHz, 73, 575.01 W, 100 %
2026/09/16 10:42:32.695, 2025 MHz, 13801 MHz, 73, 574.98 W, 100 %
2026/09/16 10:42:33.195, 2025 MHz, 13801 MHz, 73, 574.98 W, 100 %
2026/09/16 10:42:33.696, 2025 MHz, 13801 MHz, 73, 574.98 W, 100 %
2026/09/16 10:42:34.196, 2032 MHz, 13801 MHz, 73, 574.96 W, 100 %
2026/09/16 10:42:34.696, 2032 MHz, 13801 MHz, 73, 574.99 W, 100 %
2026/09/16 10:42:35.196, 2025 MHz, 13801 MHz, 73, 575.07 W, 100 %
2026/09/16 10:42:35.696, 2025 MHz, 13801 MHz, 73, 575.00 W, 100 %
2026/09/16 10:42:36.196, 2025 MHz, 13801 MHz, 73, 574.98 W, 100 %
2026/09/16 10:42:36.696, 2025 MHz, 13801 MHz, 73, 574.97 W, 100 %
2026/09/16 10:42:37.196, 2025 MHz, 13801 MHz, 74, 574.97 W, 100 %
2026/09/16 10:42:37.696, 2040 MHz, 13801 MHz, 74, 574.99 W, 100 %
2026/09/16 10:42:38.197, 2040 MHz, 13801 MHz, 74, 575.07 W, 100 %
2026/09/16 10:42:38.697, 2032 MHz, 13801 MHz, 74, 574.98 W, 100 %
2026/09/16 10:42:39.197, 2032 MHz, 13801 MHz, 74, 574.97 W, 100 %
2026/09/16 10:42:39.697, 2032 MHz, 13801 MHz, 74, 574.98 W, 100 %
2026/09/16 10:42:40.197, 2032 MHz, 13801 MHz, 74, 575.01 W, 100 %
2026/09/16 10:42:40.697, 2032 MHz, 13801 MHz, 74, 574.98 W, 100 %
2026/09/16 10:42:41.197, 2032 MHz, 13801 MHz, 74, 574.99 W, 100 %
2026/09/16 10:42:41.698, 2025 MHz, 13801 MHz, 74, 574.98 W, 100 %
2026/09/16 10:42:42.198, 2025 MHz, 13801 MHz, 74, 574.98 W, 100 %
2026/09/16 10:42:42.698, 2025 MHz, 13801 MHz, 74, 574.97 W, 100 %
2026/09/16 10:42:43.198, 2025 MHz, 13801 MHz, 74, 574.98 W, 100 %
2026/09/16 10:42:43.698, 1995 MHz, 13801 MHz, 74, 574.98 W, 100 %
2026/09/16 10:42:44.198, 1987 MHz, 13801 MHz, 74, 575.07 W, 100 %
2026/09/16 10:42:44.698, 1987 MHz, 13801 MHz, 74, 574.99 W, 100 %
2026/09/16 10:42:45.198, 1987 MHz, 13801 MHz, 74, 575.01 W, 100 %
2026/09/16 10:42:45.699, 1995 MHz, 13801 MHz, 74, 575.00 W, 100 %
2026/09/16 10:42:46.199, 1987 MHz, 13801 MHz, 74, 574.94 W, 100 %
2026/09/16 10:42:46.699, 1987 MHz, 13801 MHz, 74, 574.99 W, 100 %
2026/09/16 10:42:47.199, 1987 MHz, 13801 MHz, 74, 574.98 W, 100 %
2026/09/16 10:42:47.700, 1987 MHz, 13801 MHz, 74, 574.97 W, 100 %
2026/09/16 10:42:48.200, 1987 MHz, 13801 MHz, 75, 575.01 W, 100 %
2026/09/16 10:42:48.700, 1987 MHz, 13801 MHz, 74, 574.99 W, 100 %
2026/09/16 10:42:49.200, 1987 MHz, 13801 MHz, 75, 574.88 W, 100 %
2026/09/16 10:42:49.700, 2017 MHz, 13801 MHz, 75, 574.99 W, 100 %
2026/09/16 10:42:50.200, 2017 MHz, 13801 MHz, 75, 575.10 W, 100 %
2026/09/16 10:42:50.700, 2017 MHz, 13801 MHz, 75, 574.96 W, 100 %
2026/09/16 10:42:51.200, 2017 MHz, 13801 MHz, 75, 574.99 W, 100 %
2026/09/16 10:42:51.700, 2017 MHz, 13801 MHz, 75, 574.99 W, 100 %
2026/09/16 10:42:52.201, 2017 MHz, 13801 MHz, 75, 574.98 W, 100 %
2026/09/16 10:42:52.701, 2017 MHz, 13801 MHz, 75, 574.98 W, 100 %
2026/09/16 10:42:53.201, 2017 MHz, 13801 MHz, 75, 574.98 W, 100 %
2026/09/16 10:42:53.701, 2017 MHz, 13801 MHz, 75, 574.99 W, 100 %
2026/09/16 10:42:54.201, 2017 MHz, 13801 MHz, 75, 575.00 W, 100 %
2026/09/16 10:42:54.701, 2017 MHz, 13801 MHz, 75, 574.99 W, 100 %
2026/09/16 10:42:55.201, 2017 MHz, 13801 MHz, 75, 575.00 W, 100 %
2026/09/16 10:42:55.701, 1995 MHz, 13801 MHz, 75, 574.98 W, 100 %
2026/09/16 10:42:56.202, 1995 MHz, 13801 MHz, 75, 574.99 W, 100 %
2026/09/16 10:42:56.702, 1995 MHz, 13801 MHz, 75, 574.99 W, 100 %
2026/09/16 10:42:57.202, 1995 MHz, 13801 MHz, 75, 574.98 W, 100 %
2026/09/16 10:42:57.702, 1995 MHz, 13801 MHz, 75, 575.00 W, 100 %
2026/09/16 10:42:58.203, 1995 MHz, 13801 MHz, 75, 574.99 W, 100 %
2026/09/16 10:42:58.703, 2850 MHz, 13801 MHz, 63, 402.95 W, 0 %
2026/09/16 10:42:59.203, 2865 MHz, 14001 MHz, 61, 196.80 W, 0 %
2026/09/16 10:42:59.703, 2865 MHz, 14001 MHz, 61, 119.15 W, 0 %
2026/09/16 10:43:00.203, 2865 MHz, 14001 MHz, 60, 118.04 W, 0 %
2026/09/16 10:43:00.704, 645 MHz, 7001 MHz, 57, 80.70 W, 0 %
2026/09/16 10:43:01.204, 532 MHz, 14001 MHz, 57, 69.34 W, 0 %
2026/09/16 10:43:01.704, 2400 MHz, 13801 MHz, 57, 76.43 W, 0 %
2026/09/16 10:43:02.204, 2415 MHz, 13801 MHz, 57, 89.56 W, 0 %
2026/09/16 10:43:02.704, 2857 MHz, 13801 MHz, 62, 149.17 W, 99 %
2026/09/16 10:43:03.204, 2857 MHz, 13801 MHz, 63, 215.17 W, 97 %
2026/09/16 10:43:03.705, 2842 MHz, 13801 MHz, 63, 235.95 W, 97 %
2026/09/16 10:43:04.205, 2842 MHz, 13801 MHz, 63, 239.23 W, 97 %
2026/09/16 10:43:04.705, 2842 MHz, 13801 MHz, 63, 239.86 W, 98 %
2026/09/16 10:43:05.205, 2842 MHz, 13801 MHz, 63, 237.88 W, 98 %
2026/09/16 10:43:05.705, 2842 MHz, 13801 MHz, 62, 236.69 W, 90 %
2026/09/16 10:43:06.205, 2842 MHz, 13801 MHz, 63, 238.75 W, 97 %
2026/09/16 10:43:06.706, 2842 MHz, 13801 MHz, 62, 240.68 W, 98 %
2026/09/16 10:43:07.206, 2857 MHz, 13801 MHz, 62, 238.99 W, 99 %
2026/09/16 10:43:07.706, 2857 MHz, 13801 MHz, 62, 237.66 W, 96 %
2026/09/16 10:43:08.206, 2857 MHz, 13801 MHz, 62, 237.09 W, 100 %
2026/09/16 10:43:08.706, 2857 MHz, 13801 MHz, 61, 236.28 W, 100 %
2026/09/16 10:43:09.206, 2857 MHz, 13801 MHz, 62, 247.71 W, 100 %
2026/09/16 10:43:09.706, 2857 MHz, 13801 MHz, 62, 267.22 W, 100 %
2026/09/16 10:43:10.207, 2782 MHz, 13801 MHz, 71, 357.51 W, 100 %
2026/09/16 10:43:10.707, 2685 MHz, 13801 MHz, 71, 494.22 W, 100 %
2026/09/16 10:43:11.207, 2685 MHz, 13801 MHz, 71, 567.04 W, 69 %
2026/09/16 10:43:11.707, 2865 MHz, 13801 MHz, 57, 333.60 W, 0 %
2026/09/16 10:43:12.208, 2857 MHz, 13801 MHz, 60, 187.70 W, 96 %
2026/09/16 10:43:12.708, 2857 MHz, 13801 MHz, 60, 210.31 W, 96 %
2026/09/16 10:43:13.208, 2857 MHz, 13801 MHz, 60, 214.09 W, 98 %
2026/09/16 10:43:13.708, 2857 MHz, 13801 MHz, 60, 213.91 W, 98 %
2026/09/16 10:43:14.208, 2857 MHz, 13801 MHz, 59, 214.67 W, 98 %
2026/09/16 10:43:14.708, 2857 MHz, 13801 MHz, 59, 213.37 W, 99 %
2026/09/16 10:43:15.209, 2857 MHz, 13801 MHz, 59, 213.87 W, 99 %
2026/09/16 10:43:15.709, 2857 MHz, 13801 MHz, 61, 221.26 W, 95 %
2026/09/16 10:43:16.209, 2827 MHz, 13801 MHz, 64, 281.67 W, 95 %
2026/09/16 10:43:16.709, 2827 MHz, 13801 MHz, 64, 349.04 W, 95 %
2026/09/16 10:43:17.209, 2797 MHz, 13801 MHz, 70, 379.89 W, 100 %
2026/09/16 10:43:17.709, 2415 MHz, 13801 MHz, 70, 483.10 W, 100 %
2026/09/16 10:43:18.210, 2332 MHz, 13801 MHz, 71, 578.64 W, 100 %
2026/09/16 10:43:18.710, 2332 MHz, 13801 MHz, 71, 575.06 W, 100 %
2026/09/16 10:43:19.210, 2332 MHz, 13801 MHz, 71, 574.95 W, 100 %
2026/09/16 10:43:19.710, 2400 MHz, 13801 MHz, 71, 574.99 W, 100 %
2026/09/16 10:43:20.210, 2392 MHz, 13801 MHz, 71, 574.99 W, 100 %
2026/09/16 10:43:20.711, 2377 MHz, 13801 MHz, 71, 574.99 W, 100 %
2026/09/16 10:43:21.211, 2325 MHz, 13801 MHz, 71, 574.98 W, 100 %
2026/09/16 10:43:21.711, 2325 MHz, 13801 MHz, 72, 575.00 W, 100 %
2026/09/16 10:43:22.211, 2385 MHz, 13801 MHz, 72, 575.01 W, 100 %
2026/09/16 10:43:22.711, 2392 MHz, 13801 MHz, 72, 574.94 W, 100 %
2026/09/16 10:43:23.211, 2392 MHz, 13801 MHz, 72, 574.98 W, 100 %
2026/09/16 10:43:23.712, 2317 MHz, 13801 MHz, 72, 575.03 W, 100 %
2026/09/16 10:43:24.212, 2317 MHz, 13801 MHz, 72, 574.98 W, 100 %
2026/09/16 10:43:24.712, 2317 MHz, 13801 MHz, 72, 574.91 W, 100 %
2026/09/16 10:43:25.212, 2385 MHz, 13801 MHz, 72, 575.01 W, 100 %
2026/09/16 10:43:25.712, 2655 MHz, 13801 MHz, 74, 574.84 W, 100 %
2026/09/16 10:43:26.212, 2617 MHz, 13801 MHz, 74, 574.99 W, 100 %
2026/09/16 10:43:26.713, 2610 MHz, 13801 MHz, 74, 575.61 W, 100 %
2026/09/16 10:43:27.213, 2617 MHz, 13801 MHz, 74, 574.94 W, 100 %
2026/09/16 10:43:27.713, 2610 MHz, 13801 MHz, 74, 574.98 W, 100 %
2026/09/16 10:43:28.213, 2100 MHz, 13801 MHz, 71, 570.73 W, 100 %
2026/09/16 10:43:28.713, 2032 MHz, 13801 MHz, 71, 571.30 W, 100 %
2026/09/16 10:43:29.213, 2032 MHz, 13801 MHz, 71, 575.23 W, 100 %
2026/09/16 10:43:29.713, 2032 MHz, 13801 MHz, 71, 574.99 W, 100 %
2026/09/16 10:43:30.214, 2032 MHz, 13801 MHz, 72, 574.98 W, 100 %
2026/09/16 10:43:30.714, 2025 MHz, 13801 MHz, 72, 574.98 W, 100 %
2026/09/16 10:43:31.214, 2047 MHz, 13801 MHz, 72, 574.99 W, 100 %
2026/09/16 10:43:31.714, 2047 MHz, 13801 MHz, 72, 574.98 W, 100 %
2026/09/16 10:43:32.214, 2047 MHz, 13801 MHz, 72, 574.99 W, 100 %
2026/09/16 10:43:32.714, 2040 MHz, 13801 MHz, 72, 574.98 W, 100 %
2026/09/16 10:43:33.214, 2040 MHz, 13801 MHz, 72, 575.00 W, 100 %
2026/09/16 10:43:33.715, 2040 MHz, 13801 MHz, 72, 575.00 W, 100 %
2026/09/16 10:43:34.215, 2040 MHz, 13801 MHz, 72, 574.97 W, 100 %
2026/09/16 10:43:34.715, 2040 MHz, 13801 MHz, 72, 574.97 W, 100 %
2026/09/16 10:43:35.215, 2040 MHz, 13801 MHz, 72, 575.00 W, 100 %
2026/09/16 10:43:35.715, 2040 MHz, 13801 MHz, 72, 575.01 W, 100 %
2026/09/16 10:43:36.215, 2040 MHz, 13801 MHz, 73, 574.99 W, 100 %
2026/09/16 10:43:36.716, 2040 MHz, 13801 MHz, 73, 575.00 W, 100 %
2026/09/16 10:43:37.216, 2017 MHz, 13801 MHz, 72, 574.98 W, 100 %
2026/09/16 10:43:37.716, 2017 MHz, 13801 MHz, 73, 574.97 W, 100 %
2026/09/16 10:43:38.216, 2017 MHz, 13801 MHz, 73, 574.98 W, 100 %
2026/09/16 10:43:38.716, 2017 MHz, 13801 MHz, 73, 574.99 W, 100 %
2026/09/16 10:43:39.216, 2017 MHz, 13801 MHz, 73, 575.00 W, 100 %
2026/09/16 10:43:39.716, 2017 MHz, 13801 MHz, 73, 574.98 W, 100 %
2026/09/16 10:43:40.216, 2017 MHz, 13801 MHz, 73, 575.01 W, 100 %
2026/09/16 10:43:40.716, 2017 MHz, 13801 MHz, 73, 575.02 W, 100 %
2026/09/16 10:43:41.217, 2017 MHz, 13801 MHz, 73, 574.99 W, 100 %
2026/09/16 10:43:41.717, 2017 MHz, 13801 MHz, 73, 574.97 W, 100 %
2026/09/16 10:43:42.217, 2017 MHz, 13801 MHz, 73, 574.98 W, 100 %
2026/09/16 10:43:42.717, 2017 MHz, 13801 MHz, 73, 574.97 W, 100 %
2026/09/16 10:43:43.217, 2032 MHz, 13801 MHz, 73, 574.98 W, 100 %
2026/09/16 10:43:43.717, 2032 MHz, 13801 MHz, 73, 574.98 W, 100 %
2026/09/16 10:43:44.217, 2032 MHz, 13801 MHz, 74, 574.96 W, 100 %
2026/09/16 10:43:44.717, 2032 MHz, 13801 MHz, 74, 574.98 W, 100 %
2026/09/16 10:43:45.218, 2032 MHz, 13801 MHz, 74, 575.02 W, 100 %
2026/09/16 10:43:45.718, 2032 MHz, 13801 MHz, 74, 575.00 W, 100 %
2026/09/16 10:43:46.218, 2032 MHz, 13801 MHz, 74, 575.00 W, 100 %
2026/09/16 10:43:46.718, 2025 MHz, 13801 MHz, 74, 574.99 W, 100 %
2026/09/16 10:43:47.218, 2025 MHz, 13801 MHz, 74, 575.00 W, 100 %
2026/09/16 10:43:47.718, 2032 MHz, 13801 MHz, 74, 575.01 W, 100 %
2026/09/16 10:43:48.218, 2025 MHz, 13801 MHz, 74, 574.99 W, 100 %
2026/09/16 10:43:48.718, 2025 MHz, 13801 MHz, 74, 574.99 W, 100 %
2026/09/16 10:43:49.219, 2002 MHz, 13801 MHz, 74, 574.98 W, 100 %
2026/09/16 10:43:49.719, 2002 MHz, 13801 MHz, 74, 574.97 W, 100 %
2026/09/16 10:43:50.219, 2002 MHz, 13801 MHz, 74, 574.98 W, 100 %
2026/09/16 10:43:50.719, 2002 MHz, 13801 MHz, 74, 574.97 W, 100 %
2026/09/16 10:43:51.219, 2002 MHz, 13801 MHz, 74, 574.98 W, 100 %
2026/09/16 10:43:51.719, 2002 MHz, 13801 MHz, 74, 574.99 W, 100 %
2026/09/16 10:43:52.219, 2002 MHz, 13801 MHz, 74, 574.98 W, 100 %
2026/09/16 10:43:52.719, 2002 MHz, 13801 MHz, 74, 574.99 W, 100 %
2026/09/16 10:43:53.220, 2002 MHz, 13801 MHz, 74, 575.00 W, 100 %
2026/09/16 10:43:53.720, 2002 MHz, 13801 MHz, 74, 574.99 W, 100 %
2026/09/16 10:43:54.220, 2002 MHz, 13801 MHz, 74, 574.99 W, 100 %
2026/09/16 10:43:54.720, 2002 MHz, 13801 MHz, 74, 574.99 W, 100 %
2026/09/16 10:43:55.220, 2017 MHz, 13801 MHz, 74, 574.95 W, 100 %
2026/09/16 10:43:55.720, 2025 MHz, 13801 MHz, 74, 574.97 W, 100 %
2026/09/16 10:43:56.221, 2017 MHz, 13801 MHz, 74, 574.99 W, 100 %
2026/09/16 10:43:56.721, 2017 MHz, 13801 MHz, 74, 574.98 W, 100 %
2026/09/16 10:43:57.221, 2025 MHz, 13801 MHz, 74, 574.99 W, 100 %
2026/09/16 10:43:57.721, 2017 MHz, 13801 MHz, 74, 574.99 W, 100 %
2026/09/16 10:43:58.221, 2047 MHz, 13801 MHz, 74, 574.87 W, 100 %
2026/09/16 10:43:58.721, 2025 MHz, 13801 MHz, 74, 574.98 W, 100 %
2026/09/16 10:43:59.221, 2025 MHz, 13801 MHz, 74, 575.05 W, 100 %
2026/09/16 10:43:59.721, 2017 MHz, 13801 MHz, 74, 574.97 W, 100 %
2026/09/16 10:44:00.221, 2017 MHz, 13801 MHz, 74, 574.99 W, 100 %
2026/09/16 10:44:00.722, 2025 MHz, 13801 MHz, 74, 574.99 W, 100 %
2026/09/16 10:44:01.222, 2017 MHz, 13801 MHz, 74, 574.98 W, 100 %
2026/09/16 10:44:01.722, 2002 MHz, 13801 MHz, 74, 574.99 W, 100 %
2026/09/16 10:44:02.222, 2002 MHz, 13801 MHz, 74, 574.98 W, 100 %
2026/09/16 10:44:02.722, 2002 MHz, 13801 MHz, 74, 574.98 W, 100 %
2026/09/16 10:44:03.222, 2002 MHz, 13801 MHz, 74, 575.02 W, 100 %
2026/09/16 10:44:03.722, 2002 MHz, 13801 MHz, 74, 574.98 W, 100 %
2026/09/16 10:44:04.222, 2310 MHz, 13801 MHz, 64, 511.35 W, 0 %
2026/09/16 10:44:04.723, 2857 MHz, 14001 MHz, 61, 305.59 W, 3 %
2026/09/16 10:44:05.223, 2865 MHz, 14001 MHz, 60, 119.77 W, 0 %
2026/09/16 10:44:05.723, 2865 MHz, 14001 MHz, 59, 117.56 W, 0 %
2026/09/16 10:44:06.223, 1177 MHz, 7001 MHz, 57, 100.15 W, 0 %
2026/09/16 10:44:06.723, 540 MHz, 7001 MHz, 56, 76.85 W, 0 %
2026/09/16 10:44:07.223, 2422 MHz, 13801 MHz, 57, 74.88 W, 0 %
2026/09/16 10:44:07.724, 2445 MHz, 13801 MHz, 56, 85.83 W, 0 %
2026/09/16 10:44:08.224, 2857 MHz, 13801 MHz, 61, 144.78 W, 99 %
2026/09/16 10:44:08.724, 2857 MHz, 13801 MHz, 62, 205.23 W, 98 %
2026/09/16 10:44:09.224, 2857 MHz, 13801 MHz, 62, 234.90 W, 97 %
2026/09/16 10:44:09.724, 2857 MHz, 13801 MHz, 62, 240.01 W, 99 %
2026/09/16 10:44:10.224, 2857 MHz, 13801 MHz, 62, 241.49 W, 98 %
2026/09/16 10:44:10.725, 2857 MHz, 13801 MHz, 62, 238.81 W, 97 %
2026/09/16 10:44:11.225, 2857 MHz, 13801 MHz, 62, 237.24 W, 90 %
2026/09/16 10:44:11.725, 2857 MHz, 13801 MHz, 62, 239.11 W, 97 %
2026/09/16 10:44:12.225, 2857 MHz, 13801 MHz, 62, 240.57 W, 97 %
2026/09/16 10:44:12.725, 2857 MHz, 13801 MHz, 61, 238.64 W, 99 %
2026/09/16 10:44:13.225, 2857 MHz, 13801 MHz, 61, 237.15 W, 96 %
2026/09/16 10:44:13.725, 2857 MHz, 13801 MHz, 61, 236.38 W, 100 %
2026/09/16 10:44:14.225, 2857 MHz, 13801 MHz, 60, 235.48 W, 100 %
2026/09/16 10:44:14.726, 2857 MHz, 13801 MHz, 62, 244.89 W, 100 %
2026/09/16 10:44:15.226, 2857 MHz, 13801 MHz, 62, 263.37 W, 100 %
2026/09/16 10:44:15.726, 2820 MHz, 13801 MHz, 70, 338.41 W, 100 %
2026/09/16 10:44:16.226, 2700 MHz, 13801 MHz, 70, 497.11 W, 100 %
2026/09/16 10:44:16.726, 2692 MHz, 13801 MHz, 71, 576.67 W, 100 %
2026/09/16 10:44:17.226, 2865 MHz, 13801 MHz, 57, 376.84 W, 0 %
2026/09/16 10:44:17.726, 2857 MHz, 13801 MHz, 59, 168.25 W, 97 %
2026/09/16 10:44:18.226, 2857 MHz, 13801 MHz, 59, 206.35 W, 97 %
2026/09/16 10:44:18.727, 2857 MHz, 13801 MHz, 59, 213.59 W, 98 %
2026/09/16 10:44:19.227, 2857 MHz, 13801 MHz, 59, 212.48 W, 98 %
2026/09/16 10:44:19.727, 2857 MHz, 13801 MHz, 59, 212.84 W, 98 %
2026/09/16 10:44:20.227, 2857 MHz, 13801 MHz, 58, 211.91 W, 98 %
2026/09/16 10:44:20.727, 2857 MHz, 13801 MHz, 58, 212.15 W, 98 %
2026/09/16 10:44:21.227, 2850 MHz, 13801 MHz, 61, 228.12 W, 94 %
2026/09/16 10:44:21.727, 2835 MHz, 13801 MHz, 63, 294.26 W, 95 %
2026/09/16 10:44:22.228, 2827 MHz, 13801 MHz, 63, 345.54 W, 95 %
2026/09/16 10:44:22.728, 2782 MHz, 13801 MHz, 70, 380.83 W, 100 %
2026/09/16 10:44:23.228, 2422 MHz, 13801 MHz, 69, 484.62 W, 100 %
2026/09/16 10:44:23.728, 2347 MHz, 13801 MHz, 70, 577.97 W, 100 %
2026/09/16 10:44:24.228, 2347 MHz, 13801 MHz, 70, 575.03 W, 100 %
2026/09/16 10:44:24.728, 2355 MHz, 13801 MHz, 70, 574.95 W, 100 %
2026/09/16 10:44:25.228, 2415 MHz, 13801 MHz, 70, 574.99 W, 100 %
2026/09/16 10:44:25.728, 2407 MHz, 13801 MHz, 70, 575.02 W, 100 %
2026/09/16 10:44:26.228, 2377 MHz, 13801 MHz, 71, 574.97 W, 100 %
2026/09/16 10:44:26.729, 2340 MHz, 13801 MHz, 71, 574.99 W, 100 %
2026/09/16 10:44:27.229, 2340 MHz, 13801 MHz, 71, 575.06 W, 100 %
2026/09/16 10:44:27.729, 2407 MHz, 13801 MHz, 71, 574.98 W, 100 %
2026/09/16 10:44:28.229, 2407 MHz, 13801 MHz, 71, 574.96 W, 100 %
2026/09/16 10:44:28.729, 2407 MHz, 13801 MHz, 71, 574.98 W, 100 %
2026/09/16 10:44:29.229, 2340 MHz, 13801 MHz, 71, 575.01 W, 100 %
2026/09/16 10:44:29.729, 2332 MHz, 13801 MHz, 71, 575.01 W, 100 %
2026/09/16 10:44:30.229, 2332 MHz, 13801 MHz, 71, 574.99 W, 100 %
2026/09/16 10:44:30.729, 2400 MHz, 13801 MHz, 71, 575.00 W, 100 %
2026/09/16 10:44:31.230, 2647 MHz, 13801 MHz, 73, 574.90 W, 100 %
2026/09/16 10:44:31.730, 2617 MHz, 13801 MHz, 73, 574.99 W, 100 %
2026/09/16 10:44:32.230, 2610 MHz, 13801 MHz, 73, 575.12 W, 100 %
2026/09/16 10:44:32.730, 2617 MHz, 13801 MHz, 73, 574.99 W, 100 %
2026/09/16 10:44:33.230, 2617 MHz, 13801 MHz, 73, 574.98 W, 98 %
2026/09/16 10:44:33.730, 2070 MHz, 13801 MHz, 71, 559.15 W, 100 %
2026/09/16 10:44:34.230, 2040 MHz, 13801 MHz, 71, 557.73 W, 100 %
2026/09/16 10:44:34.730, 2040 MHz, 13801 MHz, 71, 575.17 W, 100 %
2026/09/16 10:44:35.231, 2040 MHz, 13801 MHz, 71, 574.98 W, 100 %
2026/09/16 10:44:35.731, 2032 MHz, 13801 MHz, 71, 574.97 W, 100 %
2026/09/16 10:44:36.231, 2040 MHz, 13801 MHz, 71, 574.98 W, 100 %
2026/09/16 10:44:36.731, 2047 MHz, 13801 MHz, 71, 574.98 W, 100 %
2026/09/16 10:44:37.231, 2047 MHz, 13801 MHz, 71, 574.98 W, 100 %
2026/09/16 10:44:37.731, 2047 MHz, 13801 MHz, 71, 574.99 W, 100 %
2026/09/16 10:44:38.231, 2047 MHz, 13801 MHz, 71, 574.98 W, 100 %
2026/09/16 10:44:38.731, 2047 MHz, 13801 MHz, 71, 574.96 W, 100 %
2026/09/16 10:44:39.232, 2047 MHz, 13801 MHz, 71, 574.98 W, 100 %
2026/09/16 10:44:39.732, 2047 MHz, 13801 MHz, 71, 574.98 W, 100 %
2026/09/16 10:44:40.232, 2047 MHz, 13801 MHz, 71, 574.99 W, 100 %
2026/09/16 10:44:40.732, 2040 MHz, 13801 MHz, 71, 575.00 W, 100 %
2026/09/16 10:44:41.232, 2047 MHz, 13801 MHz, 71, 574.99 W, 100 %
2026/09/16 10:44:41.732, 2047 MHz, 13801 MHz, 72, 574.99 W, 100 %
2026/09/16 10:44:42.232, 2047 MHz, 13801 MHz, 72, 574.99 W, 100 %
2026/09/16 10:44:42.732, 2032 MHz, 13801 MHz, 72, 575.00 W, 100 %
2026/09/16 10:44:43.232, 2025 MHz, 13801 MHz, 72, 574.98 W, 100 %
2026/09/16 10:44:43.733, 2025 MHz, 13801 MHz, 72, 574.99 W, 100 %
2026/09/16 10:44:44.233, 2025 MHz, 13801 MHz, 72, 574.97 W, 100 %
2026/09/16 10:44:44.733, 2025 MHz, 13801 MHz, 72, 574.99 W, 100 %
2026/09/16 10:44:45.233, 2025 MHz, 13801 MHz, 72, 575.00 W, 100 %
2026/09/16 10:44:45.733, 2025 MHz, 13801 MHz, 72, 574.99 W, 100 %
2026/09/16 10:44:46.233, 2025 MHz, 13801 MHz, 72, 574.99 W, 100 %
2026/09/16 10:44:46.733, 2025 MHz, 13801 MHz, 72, 574.98 W, 100 %
2026/09/16 10:44:47.233, 2025 MHz, 13801 MHz, 72, 574.97 W, 100 %
2026/09/16 10:44:47.733, 2025 MHz, 13801 MHz, 72, 574.98 W, 100 %
2026/09/16 10:44:48.234, 2025 MHz, 13801 MHz, 72, 575.00 W, 100 %
2026/09/16 10:44:48.734, 2040 MHz, 13801 MHz, 72, 574.97 W, 100 %
2026/09/16 10:44:49.234, 2040 MHz, 13801 MHz, 72, 574.97 W, 100 %
2026/09/16 10:44:49.734, 2040 MHz, 13801 MHz, 72, 575.01 W, 100 %
2026/09/16 10:44:50.234, 2040 MHz, 13801 MHz, 72, 575.02 W, 100 %
2026/09/16 10:44:50.734, 2040 MHz, 13801 MHz, 72, 574.98 W, 100 %
2026/09/16 10:44:51.234, 2040 MHz, 13801 MHz, 72, 575.00 W, 100 %
2026/09/16 10:44:51.734, 2040 MHz, 13801 MHz, 72, 575.02 W, 100 %
2026/09/16 10:44:52.234, 2040 MHz, 13801 MHz, 72, 575.01 W, 100 %
2026/09/16 10:44:52.735, 2040 MHz, 13801 MHz, 72, 574.98 W, 100 %
2026/09/16 10:44:53.235, 2040 MHz, 13801 MHz, 72, 574.96 W, 100 %
2026/09/16 10:44:53.735, 2040 MHz, 13801 MHz, 72, 574.98 W, 100 %
2026/09/16 10:44:54.235, 2040 MHz, 13801 MHz, 73, 574.98 W, 100 %
2026/09/16 10:44:54.735, 2025 MHz, 13801 MHz, 72, 574.98 W, 100 %
2026/09/16 10:44:55.235, 2025 MHz, 13801 MHz, 72, 574.99 W, 100 %
2026/09/16 10:44:55.735, 2025 MHz, 13801 MHz, 72, 574.99 W, 100 %
2026/09/16 10:44:56.235, 2025 MHz, 13801 MHz, 73, 574.99 W, 100 %
2026/09/16 10:44:56.735, 2025 MHz, 13801 MHz, 72, 575.00 W, 100 %
2026/09/16 10:44:57.236, 2025 MHz, 13801 MHz, 73, 574.99 W, 100 %
2026/09/16 10:44:57.736, 2017 MHz, 13801 MHz, 73, 574.99 W, 100 %
2026/09/16 10:44:58.236, 2017 MHz, 13801 MHz, 73, 575.01 W, 100 %
2026/09/16 10:44:58.736, 2017 MHz, 13801 MHz, 73, 574.99 W, 100 %
2026/09/16 10:44:59.236, 2017 MHz, 13801 MHz, 73, 575.00 W, 100 %
2026/09/16 10:44:59.736, 2017 MHz, 13801 MHz, 73, 575.00 W, 100 %
2026/09/16 10:45:00.236, 2017 MHz, 13801 MHz, 73, 574.98 W, 100 %
2026/09/16 10:45:00.736, 2032 MHz, 13801 MHz, 73, 574.98 W, 100 %
2026/09/16 10:45:01.237, 2032 MHz, 13801 MHz, 73, 574.97 W, 100 %
2026/09/16 10:45:01.737, 2032 MHz, 13801 MHz, 73, 574.99 W, 100 %
2026/09/16 10:45:02.237, 2032 MHz, 13801 MHz, 73, 575.01 W, 100 %
2026/09/16 10:45:02.737, 2032 MHz, 13801 MHz, 73, 575.00 W, 100 %
2026/09/16 10:45:03.237, 2032 MHz, 13801 MHz, 73, 574.98 W, 100 %
2026/09/16 10:45:03.737, 2032 MHz, 13801 MHz, 73, 574.99 W, 100 %
2026/09/16 10:45:04.237, 2040 MHz, 13801 MHz, 73, 575.01 W, 100 %
2026/09/16 10:45:04.738, 2032 MHz, 13801 MHz, 73, 574.98 W, 100 %
2026/09/16 10:45:05.238, 2032 MHz, 13801 MHz, 73, 574.98 W, 100 %
2026/09/16 10:45:05.738, 2032 MHz, 13801 MHz, 73, 574.97 W, 100 %
2026/09/16 10:45:06.238, 2040 MHz, 13801 MHz, 73, 574.97 W, 100 %
2026/09/16 10:45:06.738, 2017 MHz, 13801 MHz, 73, 574.97 W, 100 %
2026/09/16 10:45:07.238, 2017 MHz, 13801 MHz, 73, 574.99 W, 100 %
2026/09/16 10:45:07.738, 2017 MHz, 13801 MHz, 73, 575.02 W, 100 %
2026/09/16 10:45:08.238, 2017 MHz, 13801 MHz, 73, 575.02 W, 100 %
2026/09/16 10:45:08.739, 2017 MHz, 13801 MHz, 73, 574.99 W, 100 %
2026/09/16 10:45:09.239, 2017 MHz, 13801 MHz, 73, 574.99 W, 100 %
2026/09/16 10:45:09.739, 2857 MHz, 13801 MHz, 61, 422.57 W, 0 %
2026/09/16 10:45:10.239, 2865 MHz, 14001 MHz, 59, 179.04 W, 0 %
2026/09/16 10:45:10.739, 2865 MHz, 14001 MHz, 58, 116.23 W, 0 %
2026/09/16 10:45:11.239, 2865 MHz, 14001 MHz, 58, 114.76 W, 0 %
2026/09/16 10:45:11.739, 540 MHz, 7001 MHz, 55, 87.73 W, 0 %
2026/09/16 10:45:12.240, 1410 MHz, 13801 MHz, 56, 77.45 W, 2 %
2026/09/16 10:45:12.740, 2407 MHz, 13801 MHz, 55, 77.56 W, 2 %
2026/09/16 10:45:13.240, 2415 MHz, 13801 MHz, 68, 159.83 W, 100 %
2026/09/16 10:45:13.740, 2032 MHz, 13801 MHz, 70, 412.63 W, 100 %
2026/09/16 10:45:14.240, 2040 MHz, 13801 MHz, 70, 577.74 W, 100 %
2026/09/16 10:45:14.740, 2032 MHz, 13801 MHz, 71, 575.01 W, 100 %
2026/09/16 10:45:15.240, 2040 MHz, 13801 MHz, 71, 574.99 W, 100 %
2026/09/16 10:45:15.740, 2032 MHz, 13801 MHz, 71, 575.01 W, 100 %
2026/09/16 10:45:16.241, 2040 MHz, 13801 MHz, 71, 574.99 W, 100 %
2026/09/16 10:45:16.741, 2047 MHz, 13801 MHz, 71, 575.01 W, 100 %
2026/09/16 10:45:17.241, 2047 MHz, 13801 MHz, 72, 574.99 W, 100 %
2026/09/16 10:45:17.741, 2040 MHz, 13801 MHz, 72, 574.97 W, 100 %
2026/09/16 10:45:18.241, 2040 MHz, 13801 MHz, 72, 574.98 W, 100 %
2026/09/16 10:45:18.741, 2047 MHz, 13801 MHz, 72, 574.96 W, 100 %
2026/09/16 10:45:19.241, 2047 MHz, 13801 MHz, 72, 574.97 W, 100 %
2026/09/16 10:45:19.742, 2040 MHz, 13801 MHz, 72, 575.00 W, 100 %
2026/09/16 10:45:20.242, 2040 MHz, 13801 MHz, 72, 575.10 W, 100 %
2026/09/16 10:45:20.742, 2040 MHz, 13801 MHz, 72, 574.97 W, 100 %
2026/09/16 10:45:21.242, 2040 MHz, 13801 MHz, 72, 575.00 W, 100 %
2026/09/16 10:45:21.742, 2040 MHz, 13801 MHz, 72, 574.97 W, 100 %
2026/09/16 10:45:22.242, 2040 MHz, 13801 MHz, 72, 574.96 W, 100 %
2026/09/16 10:45:22.743, 2025 MHz, 13801 MHz, 72, 574.99 W, 100 %
2026/09/16 10:45:23.243, 2025 MHz, 13801 MHz, 72, 575.02 W, 100 %
2026/09/16 10:45:23.743, 2025 MHz, 13801 MHz, 72, 574.98 W, 100 %
2026/09/16 10:45:24.243, 2025 MHz, 13801 MHz, 72, 575.00 W, 100 %
2026/09/16 10:45:24.743, 2025 MHz, 13801 MHz, 72, 574.99 W, 100 %
2026/09/16 10:45:25.244, 2032 MHz, 13801 MHz, 72, 574.95 W, 100 %
2026/09/16 10:45:25.744, 2025 MHz, 13801 MHz, 72, 574.98 W, 100 %
2026/09/16 10:45:26.244, 2025 MHz, 13801 MHz, 72, 575.01 W, 100 %
2026/09/16 10:45:26.744, 2025 MHz, 13801 MHz, 72, 574.99 W, 100 %
2026/09/16 10:45:27.244, 2025 MHz, 13801 MHz, 72, 574.97 W, 100 %
2026/09/16 10:45:27.744, 2025 MHz, 13801 MHz, 72, 574.98 W, 100 %
2026/09/16 10:45:28.245, 2032 MHz, 13801 MHz, 73, 574.98 W, 100 %
2026/09/16 10:45:28.745, 2040 MHz, 13801 MHz, 73, 574.98 W, 100 %
2026/09/16 10:45:29.245, 2040 MHz, 13801 MHz, 73, 575.15 W, 100 %
2026/09/16 10:45:29.745, 2032 MHz, 13801 MHz, 73, 574.98 W, 100 %
2026/09/16 10:45:30.245, 2032 MHz, 13801 MHz, 73, 574.98 W, 100 %
2026/09/16 10:45:30.745, 2032 MHz, 13801 MHz, 73, 574.98 W, 100 %
2026/09/16 10:45:31.246, 2040 MHz, 13801 MHz, 73, 574.96 W, 100 %
2026/09/16 10:45:31.746, 2040 MHz, 13801 MHz, 73, 574.98 W, 100 %
2026/09/16 10:45:32.246, 2032 MHz, 13801 MHz, 73, 575.03 W, 100 %
2026/09/16 10:45:32.746, 2032 MHz, 13801 MHz, 73, 575.00 W, 100 %
2026/09/16 10:45:33.246, 2032 MHz, 13801 MHz, 73, 574.96 W, 100 %
2026/09/16 10:45:33.746, 2032 MHz, 13801 MHz, 73, 574.98 W, 100 %
2026/09/16 10:45:34.246, 2032 MHz, 13801 MHz, 73, 574.99 W, 100 %
2026/09/16 10:45:34.747, 2017 MHz, 13801 MHz, 73, 574.99 W, 100 %
2026/09/16 10:45:35.247, 2017 MHz, 13801 MHz, 73, 575.02 W, 100 %
2026/09/16 10:45:35.747, 2017 MHz, 13801 MHz, 73, 574.98 W, 100 %
2026/09/16 10:45:36.247, 2017 MHz, 13801 MHz, 73, 575.01 W, 100 %
2026/09/16 10:45:36.747, 2017 MHz, 13801 MHz, 73, 574.99 W, 100 %
2026/09/16 10:45:37.247, 2025 MHz, 13801 MHz, 73, 574.97 W, 100 %
2026/09/16 10:45:37.747, 2017 MHz, 13801 MHz, 73, 574.97 W, 100 %
2026/09/16 10:45:38.248, 2017 MHz, 13801 MHz, 73, 575.15 W, 100 %
2026/09/16 10:45:38.748, 2017 MHz, 13801 MHz, 73, 575.01 W, 100 %
2026/09/16 10:45:39.248, 2017 MHz, 13801 MHz, 73, 574.98 W, 100 %
2026/09/16 10:45:39.748, 2017 MHz, 13801 MHz, 73, 574.97 W, 100 %
2026/09/16 10:45:40.248, 2017 MHz, 13801 MHz, 73, 574.95 W, 100 %
2026/09/16 10:45:40.749, 2032 MHz, 13801 MHz, 73, 575.02 W, 100 %
2026/09/16 10:45:41.249, 2025 MHz, 13801 MHz, 73, 574.98 W, 100 %
2026/09/16 10:45:41.749, 2032 MHz, 13801 MHz, 73, 574.97 W, 100 %
2026/09/16 10:45:42.249, 2032 MHz, 13801 MHz, 73, 574.99 W, 100 %
2026/09/16 10:45:42.749, 2032 MHz, 13801 MHz, 73, 574.98 W, 100 %
2026/09/16 10:45:43.249, 2032 MHz, 13801 MHz, 73, 574.98 W, 100 %
2026/09/16 10:45:43.749, 2032 MHz, 13801 MHz, 73, 575.00 W, 100 %
2026/09/16 10:45:44.250, 2032 MHz, 13801 MHz, 73, 575.17 W, 100 %
2026/09/16 10:45:44.750, 2025 MHz, 13801 MHz, 73, 575.00 W, 100 %
2026/09/16 10:45:45.250, 2032 MHz, 13801 MHz, 73, 574.99 W, 100 %
2026/09/16 10:45:45.750, 2032 MHz, 13801 MHz, 73, 574.97 W, 100 %
2026/09/16 10:45:46.250, 2025 MHz, 13801 MHz, 73, 574.97 W, 100 %
2026/09/16 10:45:46.750, 2017 MHz, 13801 MHz, 73, 574.99 W, 100 %
2026/09/16 10:45:47.250, 2017 MHz, 13801 MHz, 73, 574.99 W, 100 %
2026/09/16 10:45:47.751, 2017 MHz, 13801 MHz, 73, 574.99 W, 100 %
2026/09/16 10:45:48.251, 2017 MHz, 13801 MHz, 73, 574.98 W, 100 %
2026/09/16 10:45:48.751, 2017 MHz, 13801 MHz, 73, 574.99 W, 100 %
2026/09/16 10:45:49.251, 2040 MHz, 13801 MHz, 74, 571.98 W, 87 %
2026/09/16 10:45:49.751, 2602 MHz, 13801 MHz, 76, 574.99 W, 100 %
2026/09/16 10:45:50.251, 2610 MHz, 13801 MHz, 76, 578.30 W, 100 %
2026/09/16 10:45:50.751, 2602 MHz, 13801 MHz, 76, 575.00 W, 100 %
2026/09/16 10:45:51.251, 2602 MHz, 13801 MHz, 76, 574.99 W, 100 %
2026/09/16 10:45:51.752, 2745 MHz, 13801 MHz, 62, 492.29 W, 0 %
2026/09/16 10:45:52.252, 2790 MHz, 13801 MHz, 73, 358.04 W, 100 %
2026/09/16 10:45:52.752, 2370 MHz, 13801 MHz, 73, 401.22 W, 100 %
2026/09/16 10:45:53.252, 2287 MHz, 13801 MHz, 74, 577.03 W, 100 %
2026/09/16 10:45:53.752, 2287 MHz, 13801 MHz, 74, 575.03 W, 100 %
2026/09/16 10:45:54.252, 2287 MHz, 13801 MHz, 74, 574.99 W, 100 %
2026/09/16 10:45:54.752, 2362 MHz, 13801 MHz, 74, 574.99 W, 100 %
2026/09/16 10:45:55.253, 2362 MHz, 13801 MHz, 74, 574.95 W, 100 %
2026/09/16 10:45:55.753, 2340 MHz, 13801 MHz, 74, 574.97 W, 100 %
2026/09/16 10:45:56.253, 2287 MHz, 13801 MHz, 74, 575.00 W, 100 %
2026/09/16 10:45:56.753, 2287 MHz, 13801 MHz, 74, 574.99 W, 100 %
2026/09/16 10:45:57.253, 2340 MHz, 13801 MHz, 74, 574.96 W, 100 %
2026/09/16 10:45:57.753, 2355 MHz, 13801 MHz, 74, 574.94 W, 100 %
2026/09/16 10:45:58.253, 2355 MHz, 13801 MHz, 74, 574.99 W, 100 %
2026/09/16 10:45:58.753, 2295 MHz, 13801 MHz, 74, 574.96 W, 100 %
2026/09/16 10:45:59.254, 2280 MHz, 13801 MHz, 74, 574.99 W, 100 %
2026/09/16 10:45:59.754, 2280 MHz, 13801 MHz, 74, 574.98 W, 100 %
2026/09/16 10:46:00.254, 2355 MHz, 13801 MHz, 74, 574.97 W, 100 %
2026/09/16 10:46:00.754, 2587 MHz, 13801 MHz, 68, 524.17 W, 94 %
2026/09/16 10:46:01.254, 2827 MHz, 13801 MHz, 68, 417.89 W, 94 %
2026/09/16 10:46:01.754, 2827 MHz, 13801 MHz, 68, 361.89 W, 94 %
2026/09/16 10:46:02.255, 2835 MHz, 13801 MHz, 64, 341.32 W, 99 %
2026/09/16 10:46:02.755, 2842 MHz, 13801 MHz, 63, 279.06 W, 99 %
2026/09/16 10:46:03.255, 2842 MHz, 13801 MHz, 62, 224.03 W, 99 %
2026/09/16 10:46:03.755, 2857 MHz, 13801 MHz, 62, 223.16 W, 98 %
2026/09/16 10:46:04.255, 2857 MHz, 13801 MHz, 62, 223.30 W, 98 %
2026/09/16 10:46:04.755, 2857 MHz, 13801 MHz, 61, 222.03 W, 97 %
2026/09/16 10:46:05.256, 2857 MHz, 13801 MHz, 61, 220.45 W, 97 %
2026/09/16 10:46:05.756, 2857 MHz, 13801 MHz, 61, 221.02 W, 98 %
2026/09/16 10:46:06.256, 2730 MHz, 13801 MHz, 71, 348.27 W, 100 %
2026/09/16 10:46:06.756, 2692 MHz, 13801 MHz, 72, 538.44 W, 100 %
2026/09/16 10:46:07.256, 2745 MHz, 13801 MHz, 65, 531.59 W, 100 %
2026/09/16 10:46:07.757, 2850 MHz, 13801 MHz, 63, 384.00 W, 100 %
2026/09/16 10:46:08.257, 2850 MHz, 13801 MHz, 61, 273.92 W, 84 %
2026/09/16 10:46:08.757, 2857 MHz, 13801 MHz, 61, 258.48 W, 100 %
2026/09/16 10:46:09.257, 2857 MHz, 13801 MHz, 60, 243.47 W, 80 %
2026/09/16 10:46:09.757, 2857 MHz, 13801 MHz, 61, 241.10 W, 96 %
2026/09/16 10:46:10.257, 2857 MHz, 13801 MHz, 61, 240.06 W, 97 %
2026/09/16 10:46:10.757, 2857 MHz, 13801 MHz, 61, 239.04 W, 99 %
2026/09/16 10:46:11.258, 2857 MHz, 13801 MHz, 60, 238.81 W, 97 %
2026/09/16 10:46:11.758, 2850 MHz, 13801 MHz, 61, 243.24 W, 96 %
2026/09/16 10:46:12.258, 2850 MHz, 13801 MHz, 60, 245.14 W, 94 %
2026/09/16 10:46:12.758, 2857 MHz, 13801 MHz, 60, 243.55 W, 97 %
2026/09/16 10:46:13.258, 2857 MHz, 13801 MHz, 60, 236.81 W, 100 %
2026/09/16 10:46:13.758, 2857 MHz, 13801 MHz, 59, 232.29 W, 99 %
2026/09/16 10:46:14.258, 2857 MHz, 13801 MHz, 59, 235.10 W, 97 %
2026/09/16 10:46:14.759, 2850 MHz, 13801 MHz, 59, 238.73 W, 89 %
2026/09/16 10:46:15.259, 2865 MHz, 13801 MHz, 55, 174.45 W, 0 %
2026/09/16 10:46:15.759, 2865 MHz, 14001 MHz, 54, 121.13 W, 0 %
2026/09/16 10:46:16.259, 2865 MHz, 14001 MHz, 53, 107.36 W, 0 %
2026/09/16 10:46:16.759, 2797 MHz, 14001 MHz, 53, 103.04 W, 0 %
2026/09/16 10:46:17.259, 1125 MHz, 810 MHz, 51, 85.13 W, 0 %
2026/09/16 10:46:17.759, 2167 MHz, 13801 MHz, 51, 65.59 W, 0 %
2026/09/16 10:46:18.260, 2422 MHz, 13801 MHz, 51, 74.65 W, 4 %
2026/09/16 10:46:18.760, 2430 MHz, 13801 MHz, 64, 157.90 W, 100 %
2026/09/16 10:46:19.260, 2070 MHz, 13801 MHz, 67, 385.41 W, 100 %
2026/09/16 10:46:19.760, 2070 MHz, 13801 MHz, 67, 578.07 W, 100 %
2026/09/16 10:46:20.260, 2070 MHz, 13801 MHz, 68, 575.03 W, 100 %
2026/09/16 10:46:20.760, 2062 MHz, 13801 MHz, 68, 574.99 W, 100 %
2026/09/16 10:46:21.260, 2062 MHz, 13801 MHz, 68, 575.00 W, 100 %
2026/09/16 10:46:21.760, 2077 MHz, 13801 MHz, 69, 574.94 W, 100 %
2026/09/16 10:46:22.260, 2077 MHz, 13801 MHz, 69, 574.98 W, 100 %
2026/09/16 10:46:22.761, 2077 MHz, 13801 MHz, 69, 575.09 W, 100 %
2026/09/16 10:46:23.261, 2077 MHz, 13801 MHz, 69, 574.98 W, 100 %
2026/09/16 10:46:23.761, 2077 MHz, 13801 MHz, 69, 574.98 W, 100 %
2026/09/16 10:46:24.261, 2070 MHz, 13801 MHz, 69, 575.00 W, 100 %
2026/09/16 10:46:24.761, 2077 MHz, 13801 MHz, 70, 574.97 W, 100 %
2026/09/16 10:46:25.261, 2070 MHz, 13801 MHz, 70, 575.00 W, 100 %
2026/09/16 10:46:25.761, 2070 MHz, 13801 MHz, 70, 575.00 W, 100 %
2026/09/16 10:46:26.261, 2070 MHz, 13801 MHz, 70, 574.98 W, 100 %
2026/09/16 10:46:26.761, 2070 MHz, 13801 MHz, 70, 575.03 W, 100 %
2026/09/16 10:46:27.262, 2070 MHz, 13801 MHz, 70, 574.99 W, 100 %
2026/09/16 10:46:27.762, 2055 MHz, 13801 MHz, 70, 574.95 W, 100 %
2026/09/16 10:46:28.262, 2047 MHz, 13801 MHz, 70, 575.00 W, 100 %
2026/09/16 10:46:28.762, 2047 MHz, 13801 MHz, 70, 575.03 W, 100 %
2026/09/16 10:46:29.262, 2047 MHz, 13801 MHz, 70, 575.00 W, 100 %
2026/09/16 10:46:29.762, 2047 MHz, 13801 MHz, 70, 574.98 W, 100 %
2026/09/16 10:46:30.262, 2047 MHz, 13801 MHz, 71, 575.00 W, 100 %
2026/09/16 10:46:30.762, 2047 MHz, 13801 MHz, 71, 574.98 W, 100 %
2026/09/16 10:46:31.263, 2040 MHz, 13801 MHz, 71, 574.98 W, 100 %
2026/09/16 10:46:31.763, 2040 MHz, 13801 MHz, 71, 574.99 W, 100 %
2026/09/16 10:46:32.263, 2040 MHz, 13801 MHz, 71, 574.99 W, 100 %
2026/09/16 10:46:32.763, 2040 MHz, 13801 MHz, 71, 574.98 W, 100 %
2026/09/16 10:46:33.263, 2040 MHz, 13801 MHz, 71, 574.97 W, 100 %
2026/09/16 10:46:33.763, 2055 MHz, 13801 MHz, 71, 574.99 W, 100 %
2026/09/16 10:46:34.264, 2047 MHz, 13801 MHz, 72, 574.98 W, 100 %
2026/09/16 10:46:34.764, 2047 MHz, 13801 MHz, 72, 575.00 W, 100 %
2026/09/16 10:46:35.264, 2047 MHz, 13801 MHz, 72, 575.03 W, 100 %
2026/09/16 10:46:35.764, 2047 MHz, 13801 MHz, 72, 574.97 W, 100 %
2026/09/16 10:46:36.264, 2047 MHz, 13801 MHz, 72, 574.99 W, 100 %
2026/09/16 10:46:36.764, 2047 MHz, 13801 MHz, 72, 574.98 W, 100 %
2026/09/16 10:46:37.265, 2047 MHz, 13801 MHz, 72, 574.98 W, 100 %
2026/09/16 10:46:37.765, 2047 MHz, 13801 MHz, 72, 574.97 W, 100 %
2026/09/16 10:46:38.265, 2040 MHz, 13801 MHz, 72, 575.00 W, 100 %
2026/09/16 10:46:38.765, 2040 MHz, 13801 MHz, 72, 575.00 W, 100 %
2026/09/16 10:46:39.265, 2040 MHz, 13801 MHz, 72, 574.98 W, 100 %
2026/09/16 10:46:39.765, 2025 MHz, 13801 MHz, 72, 575.01 W, 100 %
2026/09/16 10:46:40.265, 2025 MHz, 13801 MHz, 72, 574.98 W, 100 %
2026/09/16 10:46:40.765, 2025 MHz, 13801 MHz, 72, 574.99 W, 100 %
2026/09/16 10:46:41.265, 2025 MHz, 13801 MHz, 72, 574.99 W, 100 %
2026/09/16 10:46:41.766, 2025 MHz, 13801 MHz, 73, 574.97 W, 100 %
2026/09/16 10:46:42.266, 2025 MHz, 13801 MHz, 73, 575.00 W, 100 %
2026/09/16 10:46:42.766, 2025 MHz, 13801 MHz, 73, 574.98 W, 100 %
2026/09/16 10:46:43.266, 2025 MHz, 13801 MHz, 73, 574.98 W, 100 %
2026/09/16 10:46:43.766, 2025 MHz, 13801 MHz, 73, 574.97 W, 100 %
2026/09/16 10:46:44.266, 2025 MHz, 13801 MHz, 73, 574.99 W, 100 %
2026/09/16 10:46:44.766, 2025 MHz, 13801 MHz, 73, 575.02 W, 100 %
2026/09/16 10:46:45.266, 2017 MHz, 13801 MHz, 73, 574.99 W, 100 %
2026/09/16 10:46:45.767, 2040 MHz, 13801 MHz, 73, 574.97 W, 100 %
2026/09/16 10:46:46.267, 2032 MHz, 13801 MHz, 73, 574.97 W, 100 %
2026/09/16 10:46:46.767, 2032 MHz, 13801 MHz, 73, 574.99 W, 100 %
2026/09/16 10:46:47.267, 2032 MHz, 13801 MHz, 73, 575.01 W, 100 %
2026/09/16 10:46:47.767, 2032 MHz, 13801 MHz, 74, 574.98 W, 100 %
2026/09/16 10:46:48.267, 2032 MHz, 13801 MHz, 74, 574.97 W, 100 %
2026/09/16 10:46:48.767, 2032 MHz, 13801 MHz, 74, 574.99 W, 100 %
2026/09/16 10:46:49.268, 2032 MHz, 13801 MHz, 74, 574.99 W, 100 %
2026/09/16 10:46:49.768, 2032 MHz, 13801 MHz, 74, 575.01 W, 100 %
2026/09/16 10:46:50.268, 2032 MHz, 13801 MHz, 74, 574.98 W, 100 %
2026/09/16 10:46:50.768, 2032 MHz, 13801 MHz, 74, 574.99 W, 100 %
2026/09/16 10:46:51.268, 2032 MHz, 13801 MHz, 74, 575.00 W, 100 %
2026/09/16 10:46:51.768, 2017 MHz, 13801 MHz, 74, 574.99 W, 100 %
2026/09/16 10:46:52.269, 2010 MHz, 13801 MHz, 74, 574.97 W, 100 %
2026/09/16 10:46:52.769, 2010 MHz, 13801 MHz, 74, 575.00 W, 100 %
2026/09/16 10:46:53.269, 2010 MHz, 13801 MHz, 74, 575.00 W, 100 %
2026/09/16 10:46:53.769, 2010 MHz, 13801 MHz, 74, 574.98 W, 100 %
2026/09/16 10:46:54.269, 2010 MHz, 13801 MHz, 74, 574.97 W, 100 %
2026/09/16 10:46:54.769, 2625 MHz, 13801 MHz, 77, 574.78 W, 100 %
2026/09/16 10:46:55.269, 2610 MHz, 13801 MHz, 76, 574.97 W, 100 %
2026/09/16 10:46:55.769, 2602 MHz, 13801 MHz, 77, 575.19 W, 100 %
2026/09/16 10:46:56.269, 2610 MHz, 13801 MHz, 77, 574.96 W, 100 %
2026/09/16 10:46:56.770, 2602 MHz, 13801 MHz, 77, 575.06 W, 100 %
2026/09/16 10:46:57.270, 2850 MHz, 13801 MHz, 62, 384.24 W, 0 %
2026/09/16 10:46:57.770, 2452 MHz, 13801 MHz, 74, 354.87 W, 100 %
2026/09/16 10:46:58.270, 2340 MHz, 13801 MHz, 75, 487.15 W, 100 %
2026/09/16 10:46:58.770, 2295 MHz, 13801 MHz, 75, 575.76 W, 100 %
2026/09/16 10:46:59.270, 2295 MHz, 13801 MHz, 75, 574.98 W, 100 %
2026/09/16 10:46:59.770, 2355 MHz, 13801 MHz, 75, 574.96 W, 100 %
2026/09/16 10:47:00.270, 2362 MHz, 13801 MHz, 75, 574.96 W, 100 %
2026/09/16 10:47:00.771, 2362 MHz, 13801 MHz, 75, 574.98 W, 100 %
2026/09/16 10:47:01.271, 2287 MHz, 13801 MHz, 75, 575.01 W, 100 %
2026/09/16 10:47:01.771, 2287 MHz, 13801 MHz, 75, 574.98 W, 100 %
2026/09/16 10:47:02.271, 2287 MHz, 13801 MHz, 75, 575.00 W, 100 %
2026/09/16 10:47:02.771, 2362 MHz, 13801 MHz, 75, 574.99 W, 100 %
2026/09/16 10:47:03.271, 2362 MHz, 13801 MHz, 75, 574.97 W, 100 %
2026/09/16 10:47:03.771, 2362 MHz, 13801 MHz, 75, 574.99 W, 100 %
2026/09/16 10:47:04.272, 2287 MHz, 13801 MHz, 75, 575.01 W, 100 %
2026/09/16 10:47:04.772, 2280 MHz, 13801 MHz, 75, 575.01 W, 100 %
2026/09/16 10:47:05.272, 2302 MHz, 13801 MHz, 75, 574.98 W, 100 %
2026/09/16 10:47:05.772, 2355 MHz, 13801 MHz, 75, 574.98 W, 100 %
2026/09/16 10:47:06.272, 2827 MHz, 13801 MHz, 70, 491.35 W, 94 %
2026/09/16 10:47:06.772, 2827 MHz, 13801 MHz, 69, 377.12 W, 94 %
2026/09/16 10:47:07.272, 2827 MHz, 13801 MHz, 69, 362.86 W, 94 %
2026/09/16 10:47:07.773, 2842 MHz, 13801 MHz, 64, 308.42 W, 99 %
2026/09/16 10:47:08.273, 2842 MHz, 13801 MHz, 64, 240.31 W, 99 %
2026/09/16 10:47:08.773, 2842 MHz, 13801 MHz, 63, 224.44 W, 98 %
2026/09/16 10:47:09.273, 2842 MHz, 13801 MHz, 63, 224.73 W, 98 %
2026/09/16 10:47:09.773, 2842 MHz, 13801 MHz, 63, 226.32 W, 98 %
2026/09/16 10:47:10.273, 2842 MHz, 13801 MHz, 62, 223.28 W, 98 %
2026/09/16 10:47:10.773, 2842 MHz, 13801 MHz, 62, 222.49 W, 98 %
2026/09/16 10:47:11.274, 2835 MHz, 13801 MHz, 72, 266.92 W, 100 %
2026/09/16 10:47:11.774, 2677 MHz, 13801 MHz, 72, 446.34 W, 100 %
2026/09/16 10:47:12.274, 2662 MHz, 13801 MHz, 73, 586.86 W, 100 %
2026/09/16 10:47:12.774, 2850 MHz, 13801 MHz, 65, 474.06 W, 100 %
2026/09/16 10:47:13.274, 2850 MHz, 13801 MHz, 64, 340.55 W, 100 %
2026/09/16 10:47:13.774, 2850 MHz, 13801 MHz, 63, 268.31 W, 100 %
2026/09/16 10:47:14.274, 2850 MHz, 13801 MHz, 62, 251.68 W, 100 %
2026/09/16 10:47:14.775, 2842 MHz, 13801 MHz, 62, 246.46 W, 96 %
2026/09/16 10:47:15.275, 2842 MHz, 13801 MHz, 62, 245.24 W, 99 %
2026/09/16 10:47:15.775, 2850 MHz, 13801 MHz, 62, 239.40 W, 98 %
2026/09/16 10:47:16.275, 2857 MHz, 13801 MHz, 62, 240.15 W, 97 %
2026/09/16 10:47:16.775, 2857 MHz, 13801 MHz, 62, 243.31 W, 78 %
2026/09/16 10:47:17.275, 2850 MHz, 13801 MHz, 62, 245.44 W, 97 %
2026/09/16 10:47:17.776, 2850 MHz, 13801 MHz, 61, 250.98 W, 96 %
2026/09/16 10:47:18.276, 2857 MHz, 13801 MHz, 61, 242.39 W, 100 %
2026/09/16 10:47:18.776, 2857 MHz, 13801 MHz, 61, 233.83 W, 97 %
2026/09/16 10:47:19.276, 2857 MHz, 13801 MHz, 61, 237.05 W, 98 %
2026/09/16 10:47:19.776, 2857 MHz, 13801 MHz, 61, 239.51 W, 99 %
2026/09/16 10:47:20.276, 2857 MHz, 13801 MHz, 57, 216.16 W, 0 %
2026/09/16 10:47:20.776, 2865 MHz, 14001 MHz, 56, 152.16 W, 2 %
2026/09/16 10:47:21.277, 2865 MHz, 14001 MHz, 55, 111.66 W, 0 %
2026/09/16 10:47:21.777, 2865 MHz, 14001 MHz, 54, 109.23 W, 0 %
2026/09/16 10:47:22.277, 1155 MHz, 810 MHz, 52, 90.55 W, 0 %
2026/09/16 10:47:22.777, 472 MHz, 810 MHz, 51, 65.01 W, 0 %
2026/09/16 10:47:23.277, 2452 MHz, 13801 MHz, 52, 61.08 W, 0 %
2026/09/16 10:47:23.777, 2445 MHz, 13801 MHz, 52, 79.08 W, 0 %
2026/09/16 10:47:24.278, 2107 MHz, 13801 MHz, 67, 293.73 W, 100 %
2026/09/16 10:47:24.778, 2062 MHz, 13801 MHz, 68, 496.28 W, 100 %
2026/09/16 10:47:25.278, 2055 MHz, 13801 MHz, 68, 575.51 W, 100 %
2026/09/16 10:47:25.778, 2055 MHz, 13801 MHz, 69, 575.00 W, 100 %
2026/09/16 10:47:26.278, 2055 MHz, 13801 MHz, 69, 574.99 W, 100 %
2026/09/16 10:47:26.778, 2055 MHz, 13801 MHz, 69, 574.98 W, 100 %
2026/09/16 10:47:27.278, 2070 MHz, 13801 MHz, 70, 575.00 W, 100 %
2026/09/16 10:47:27.779, 2070 MHz, 13801 MHz, 70, 574.99 W, 100 %
2026/09/16 10:47:28.279, 2070 MHz, 13801 MHz, 70, 574.99 W, 100 %
2026/09/16 10:47:28.779, 2062 MHz, 13801 MHz, 70, 574.99 W, 100 %
2026/09/16 10:47:29.279, 2055 MHz, 13801 MHz, 70, 574.98 W, 100 %
2026/09/16 10:47:29.779, 2055 MHz, 13801 MHz, 70, 574.98 W, 100 %
2026/09/16 10:47:30.279, 2055 MHz, 13801 MHz, 70, 574.99 W, 100 %
2026/09/16 10:47:30.780, 2055 MHz, 13801 MHz, 71, 574.99 W, 100 %
2026/09/16 10:47:31.280, 2055 MHz, 13801 MHz, 71, 574.99 W, 100 %
2026/09/16 10:47:31.780, 2055 MHz, 13801 MHz, 71, 575.00 W, 100 %
2026/09/16 10:47:32.280, 2055 MHz, 13801 MHz, 71, 574.99 W, 100 %
2026/09/16 10:47:32.780, 2047 MHz, 13801 MHz, 71, 574.73 W, 99 %
2026/09/16 10:47:33.280, 2032 MHz, 13801 MHz, 71, 574.98 W, 100 %
2026/09/16 10:47:33.781, 2032 MHz, 13801 MHz, 71, 575.00 W, 100 %
2026/09/16 10:47:34.281, 2032 MHz, 13801 MHz, 71, 574.97 W, 100 %
2026/09/16 10:47:34.781, 2032 MHz, 13801 MHz, 71, 575.00 W, 100 %
2026/09/16 10:47:35.281, 2032 MHz, 13801 MHz, 71, 574.99 W, 100 %
2026/09/16 10:47:35.781, 2032 MHz, 13801 MHz, 71, 574.98 W, 99 %
2026/09/16 10:47:36.281, 2032 MHz, 13801 MHz, 71, 575.00 W, 100 %
2026/09/16 10:47:36.782, 2032 MHz, 13801 MHz, 71, 574.98 W, 100 %
2026/09/16 10:47:37.282, 2032 MHz, 13801 MHz, 71, 574.96 W, 100 %
2026/09/16 10:47:37.782, 2032 MHz, 13801 MHz, 71, 575.01 W, 100 %
2026/09/16 10:47:38.282, 2032 MHz, 13801 MHz, 71, 575.01 W, 100 %
2026/09/16 10:47:38.782, 2032 MHz, 13801 MHz, 71, 575.00 W, 100 %
2026/09/16 10:47:39.282, 2040 MHz, 13801 MHz, 72, 574.99 W, 100 %
2026/09/16 10:47:39.782, 2040 MHz, 13801 MHz, 72, 574.98 W, 100 %
2026/09/16 10:47:40.282, 2040 MHz, 13801 MHz, 72, 574.99 W, 100 %
2026/09/16 10:47:40.783, 2040 MHz, 13801 MHz, 72, 574.98 W, 100 %
2026/09/16 10:47:41.283, 2040 MHz, 13801 MHz, 72, 574.99 W, 100 %
2026/09/16 10:47:41.783, 2040 MHz, 13801 MHz, 72, 574.80 W, 100 %
2026/09/16 10:47:42.283, 2040 MHz, 13801 MHz, 72, 574.98 W, 100 %
2026/09/16 10:47:42.783, 2040 MHz, 13801 MHz, 72, 574.99 W, 100 %
2026/09/16 10:47:43.283, 2040 MHz, 13801 MHz, 72, 574.98 W, 100 %
2026/09/16 10:47:43.783, 2040 MHz, 13801 MHz, 72, 574.99 W, 100 %
2026/09/16 10:47:44.284, 2040 MHz, 13801 MHz, 73, 575.00 W, 100 %
2026/09/16 10:47:44.784, 2040 MHz, 13801 MHz, 73, 574.81 W, 100 %
2026/09/16 10:47:45.284, 2025 MHz, 13801 MHz, 73, 574.97 W, 100 %
2026/09/16 10:47:45.784, 2025 MHz, 13801 MHz, 73, 575.18 W, 100 %
2026/09/16 10:47:46.284, 2017 MHz, 13801 MHz, 73, 574.96 W, 100 %
2026/09/16 10:47:46.784, 2017 MHz, 13801 MHz, 73, 575.00 W, 100 %
2026/09/16 10:47:47.285, 2017 MHz, 13801 MHz, 73, 574.99 W, 100 %
2026/09/16 10:47:47.785, 2017 MHz, 13801 MHz, 73, 574.98 W, 100 %
2026/09/16 10:47:48.285, 2017 MHz, 13801 MHz, 73, 575.00 W, 100 %
2026/09/16 10:47:48.785, 2017 MHz, 13801 MHz, 73, 575.00 W, 100 %
2026/09/16 10:47:49.285, 2017 MHz, 13801 MHz, 73, 574.98 W, 100 %
2026/09/16 10:47:49.785, 2017 MHz, 13801 MHz, 73, 574.99 W, 100 %
2026/09/16 10:47:50.286, 2017 MHz, 13801 MHz, 73, 574.98 W, 100 %
2026/09/16 10:47:50.786, 2032 MHz, 13801 MHz, 73, 575.00 W, 100 %
2026/09/16 10:47:51.286, 2032 MHz, 13801 MHz, 74, 574.98 W, 100 %
2026/09/16 10:47:51.786, 2032 MHz, 13801 MHz, 74, 574.98 W, 100 %
2026/09/16 10:47:52.286, 2025 MHz, 13801 MHz, 74, 574.99 W, 100 %
2026/09/16 10:47:52.787, 2025 MHz, 13801 MHz, 74, 574.99 W, 100 %
2026/09/16 10:47:53.287, 2025 MHz, 13801 MHz, 74, 574.99 W, 100 %
2026/09/16 10:47:53.787, 2025 MHz, 13801 MHz, 74, 574.97 W, 100 %
2026/09/16 10:47:54.287, 2025 MHz, 13801 MHz, 74, 574.98 W, 100 %
2026/09/16 10:47:54.787, 2025 MHz, 13801 MHz, 74, 575.00 W, 100 %
2026/09/16 10:47:55.287, 2025 MHz, 13801 MHz, 74, 575.01 W, 100 %
2026/09/16 10:47:55.788, 2025 MHz, 13801 MHz, 74, 575.00 W, 100 %
2026/09/16 10:47:56.288, 2025 MHz, 13801 MHz, 74, 574.97 W, 100 %
2026/09/16 10:47:56.788, 2010 MHz, 13801 MHz, 74, 574.99 W, 100 %
2026/09/16 10:47:57.288, 2010 MHz, 13801 MHz, 74, 574.99 W, 100 %
2026/09/16 10:47:57.788, 2002 MHz, 13801 MHz, 74, 574.97 W, 100 %
2026/09/16 10:47:58.288, 2002 MHz, 13801 MHz, 74, 574.98 W, 100 %
2026/09/16 10:47:58.788, 2002 MHz, 13801 MHz, 74, 574.98 W, 100 %
2026/09/16 10:47:59.289, 2002 MHz, 13801 MHz, 74, 575.01 W, 100 %
2026/09/16 10:47:59.789, 2617 MHz, 13801 MHz, 77, 574.84 W, 100 %
2026/09/16 10:48:00.289, 2610 MHz, 13801 MHz, 77, 575.01 W, 100 %
2026/09/16 10:48:00.789, 2602 MHz, 13801 MHz, 77, 575.17 W, 100 %
2026/09/16 10:48:01.289, 2602 MHz, 13801 MHz, 77, 575.00 W, 100 %
2026/09/16 10:48:01.789, 2602 MHz, 13801 MHz, 77, 561.01 W, 62 %
2026/09/16 10:48:02.289, 2850 MHz, 13801 MHz, 62, 356.12 W, 0 %
2026/09/16 10:48:02.790, 2385 MHz, 13801 MHz, 74, 354.36 W, 100 %
2026/09/16 10:48:03.290, 2302 MHz, 13801 MHz, 75, 531.80 W, 100 %
2026/09/16 10:48:03.790, 2280 MHz, 13801 MHz, 75, 575.05 W, 100 %
2026/09/16 10:48:04.290, 2280 MHz, 13801 MHz, 75, 575.02 W, 100 %
2026/09/16 10:48:04.790, 2355 MHz, 13801 MHz, 75, 574.99 W, 100 %
2026/09/16 10:48:05.291, 2355 MHz, 13801 MHz, 75, 574.97 W, 100 %
2026/09/16 10:48:05.791, 2355 MHz, 13801 MHz, 75, 574.99 W, 100 %
2026/09/16 10:48:06.291, 2280 MHz, 13801 MHz, 75, 575.01 W, 100 %
2026/09/16 10:48:06.791, 2272 MHz, 13801 MHz, 75, 575.01 W, 100 %
2026/09/16 10:48:07.291, 2272 MHz, 13801 MHz, 75, 575.01 W, 100 %
2026/09/16 10:48:07.791, 2347 MHz, 13801 MHz, 75, 574.98 W, 100 %
2026/09/16 10:48:08.291, 2355 MHz, 13801 MHz, 75, 574.98 W, 100 %
2026/09/16 10:48:08.792, 2340 MHz, 13801 MHz, 75, 574.99 W, 100 %
2026/09/16 10:48:09.292, 2272 MHz, 13801 MHz, 75, 575.01 W, 100 %
2026/09/16 10:48:09.792, 2272 MHz, 13801 MHz, 75, 574.99 W, 100 %
2026/09/16 10:48:10.292, 2317 MHz, 13801 MHz, 75, 574.99 W, 100 %
2026/09/16 10:48:10.792, 2347 MHz, 13801 MHz, 75, 575.01 W, 100 %
2026/09/16 10:48:11.292, 2827 MHz, 13801 MHz, 70, 481.94 W, 94 %
2026/09/16 10:48:11.793, 2827 MHz, 13801 MHz, 69, 367.10 W, 94 %
2026/09/16 10:48:12.293, 2827 MHz, 13801 MHz, 69, 363.75 W, 94 %
2026/09/16 10:48:12.793, 2842 MHz, 13801 MHz, 64, 301.95 W, 99 %
2026/09/16 10:48:13.293, 2842 MHz, 13801 MHz, 64, 226.61 W, 99 %
2026/09/16 10:48:13.793, 2842 MHz, 13801 MHz, 63, 223.91 W, 99 %
2026/09/16 10:48:14.293, 2842 MHz, 13801 MHz, 63, 224.36 W, 99 %
2026/09/16 10:48:14.793, 2842 MHz, 13801 MHz, 63, 226.10 W, 98 %
2026/09/16 10:48:15.293, 2857 MHz, 13801 MHz, 63, 223.45 W, 98 %
2026/09/16 10:48:15.794, 2857 MHz, 13801 MHz, 62, 221.76 W, 98 %
2026/09/16 10:48:16.294, 2820 MHz, 13801 MHz, 72, 302.07 W, 100 %
2026/09/16 10:48:16.794, 2685 MHz, 13801 MHz, 73, 456.50 W, 100 %
2026/09/16 10:48:17.294, 2677 MHz, 13801 MHz, 73, 576.78 W, 100 %
2026/09/16 10:48:17.794, 2850 MHz, 13801 MHz, 65, 448.34 W, 100 %
2026/09/16 10:48:18.294, 2850 MHz, 13801 MHz, 64, 315.31 W, 100 %
2026/09/16 10:48:18.794, 2850 MHz, 13801 MHz, 63, 266.80 W, 100 %
2026/09/16 10:48:19.294, 2850 MHz, 13801 MHz, 63, 253.63 W, 100 %
2026/09/16 10:48:19.795, 2857 MHz, 13801 MHz, 62, 246.75 W, 99 %
2026/09/16 10:48:20.295, 2857 MHz, 13801 MHz, 62, 244.33 W, 96 %
2026/09/16 10:48:20.795, 2857 MHz, 13801 MHz, 62, 243.90 W, 97 %
2026/09/16 10:48:21.295, 2857 MHz, 13801 MHz, 62, 243.71 W, 99 %
2026/09/16 10:48:21.795, 2850 MHz, 13801 MHz, 62, 244.46 W, 98 %
2026/09/16 10:48:22.295, 2850 MHz, 13801 MHz, 62, 247.14 W, 95 %
2026/09/16 10:48:22.795, 2850 MHz, 13801 MHz, 61, 246.21 W, 99 %
2026/09/16 10:48:23.295, 2857 MHz, 13801 MHz, 61, 239.67 W, 97 %
2026/09/16 10:48:23.796, 2857 MHz, 13801 MHz, 61, 235.33 W, 99 %
2026/09/16 10:48:24.296, 2857 MHz, 13801 MHz, 61, 236.83 W, 99 %
2026/09/16 10:48:24.796, 2857 MHz, 13801 MHz, 61, 239.47 W, 97 %
2026/09/16 10:48:25.296, 2865 MHz, 13801 MHz, 56, 197.92 W, 0 %
2026/09/16 10:48:25.796, 2865 MHz, 14001 MHz, 56, 139.42 W, 0 %
2026/09/16 10:48:26.297, 2865 MHz, 14001 MHz, 55, 109.93 W, 0 %
2026/09/16 10:48:26.797, 2865 MHz, 14001 MHz, 55, 108.79 W, 0 %
2026/09/16 10:48:27.297, 532 MHz, 810 MHz, 52, 76.86 W, 0 %
2026/09/16 10:48:27.797, 412 MHz, 810 MHz, 51, 58.65 W, 0 %
2026/09/16 10:48:28.297, 2460 MHz, 13801 MHz, 52, 59.28 W, 0 %
2026/09/16 10:48:28.798, 2445 MHz, 13801 MHz, 53, 79.44 W, 3 %
2026/09/16 10:48:29.298, 2340 MHz, 13801 MHz, 67, 207.60 W, 100 %
2026/09/16 10:48:29.799, 2062 MHz, 13801 MHz, 68, 431.82 W, 100 %
2026/09/16 10:48:30.303, 2062 MHz, 13801 MHz, 68, 576.05 W, 100 %
2026/09/16 10:48:30.803, 2062 MHz, 13801 MHz, 69, 575.01 W, 100 %
2026/09/16 10:48:31.303, 2062 MHz, 13801 MHz, 69, 574.96 W, 100 %
2026/09/16 10:48:31.803, 2055 MHz, 13801 MHz, 69, 574.96 W, 100 %
2026/09/16 10:48:32.304, 2070 MHz, 13801 MHz, 70, 574.97 W, 100 %
2026/09/16 10:48:32.804, 2070 MHz, 13801 MHz, 70, 575.00 W, 100 %
2026/09/16 10:48:33.304, 2070 MHz, 13801 MHz, 70, 575.01 W, 100 %
2026/09/16 10:48:33.804, 2062 MHz, 13801 MHz, 70, 574.99 W, 100 %
2026/09/16 10:48:34.304, 2062 MHz, 13801 MHz, 70, 575.00 W, 100 %
2026/09/16 10:48:34.804, 2062 MHz, 13801 MHz, 70, 575.01 W, 100 %
2026/09/16 10:48:35.305, 2062 MHz, 13801 MHz, 70, 574.98 W, 100 %
2026/09/16 10:48:35.805, 2062 MHz, 13801 MHz, 71, 574.98 W, 100 %
2026/09/16 10:48:36.305, 2062 MHz, 13801 MHz, 71, 575.02 W, 100 %
2026/09/16 10:48:36.805, 2062 MHz, 13801 MHz, 71, 574.99 W, 100 %
2026/09/16 10:48:37.305, 2055 MHz, 13801 MHz, 71, 574.99 W, 100 %
2026/09/16 10:48:37.806, 2055 MHz, 13801 MHz, 71, 575.00 W, 100 %
2026/09/16 10:48:38.306, 2032 MHz, 13801 MHz, 71, 575.01 W, 100 %
2026/09/16 10:48:38.806, 2032 MHz, 13801 MHz, 71, 575.00 W, 100 %
2026/09/16 10:48:39.306, 2032 MHz, 13801 MHz, 71, 574.96 W, 100 %
2026/09/16 10:48:39.806, 2032 MHz, 13801 MHz, 71, 574.97 W, 100 %
2026/09/16 10:48:40.306, 2040 MHz, 13801 MHz, 71, 574.98 W, 100 %
2026/09/16 10:48:40.807, 2032 MHz, 13801 MHz, 71, 574.99 W, 100 %
2026/09/16 10:48:41.307, 2040 MHz, 13801 MHz, 72, 575.00 W, 100 %
2026/09/16 10:48:41.807, 2032 MHz, 13801 MHz, 72, 574.99 W, 100 %
2026/09/16 10:48:42.307, 2032 MHz, 13801 MHz, 72, 574.99 W, 100 %
2026/09/16 10:48:42.807, 2032 MHz, 13801 MHz, 72, 574.98 W, 100 %
2026/09/16 10:48:43.308, 2032 MHz, 13801 MHz, 72, 574.96 W, 100 %
2026/09/16 10:48:43.808, 2025 MHz, 13801 MHz, 72, 575.00 W, 100 %
2026/09/16 10:48:44.308, 2047 MHz, 13801 MHz, 72, 574.98 W, 100 %
2026/09/16 10:48:44.808, 2040 MHz, 13801 MHz, 72, 574.99 W, 100 %
2026/09/16 10:48:45.308, 2047 MHz, 13801 MHz, 72, 575.03 W, 100 %
2026/09/16 10:48:45.808, 2040 MHz, 13801 MHz, 72, 574.98 W, 100 %
2026/09/16 10:48:46.308, 2040 MHz, 13801 MHz, 72, 575.00 W, 100 %
2026/09/16 10:48:46.809, 2040 MHz, 13801 MHz, 73, 575.00 W, 100 %
2026/09/16 10:48:47.309, 2040 MHz, 13801 MHz, 72, 575.00 W, 100 %
2026/09/16 10:48:47.809, 2032 MHz, 13801 MHz, 73, 574.98 W, 100 %
2026/09/16 10:48:48.309, 2040 MHz, 13801 MHz, 73, 574.98 W, 100 %
2026/09/16 10:48:48.809, 2032 MHz, 13801 MHz, 73, 574.96 W, 100 %
2026/09/16 10:48:49.309, 2040 MHz, 13801 MHz, 73, 574.98 W, 100 %
2026/09/16 10:48:49.809, 2040 MHz, 13801 MHz, 73, 574.98 W, 100 %
2026/09/16 10:48:50.309, 2017 MHz, 13801 MHz, 73, 575.00 W, 100 %
2026/09/16 10:48:50.810, 2017 MHz, 13801 MHz, 73, 574.99 W, 100 %
2026/09/16 10:48:51.310, 2017 MHz, 13801 MHz, 73, 574.97 W, 100 %
2026/09/16 10:48:51.810, 2017 MHz, 13801 MHz, 73, 574.98 W, 100 %
2026/09/16 10:48:52.310, 2017 MHz, 13801 MHz, 73, 575.00 W, 100 %
2026/09/16 10:48:52.810, 2010 MHz, 13801 MHz, 73, 574.99 W, 100 %
2026/09/16 10:48:53.310, 2017 MHz, 13801 MHz, 73, 574.96 W, 100 %
2026/09/16 10:48:53.810, 2010 MHz, 13801 MHz, 73, 574.99 W, 100 %
2026/09/16 10:48:54.310, 2010 MHz, 13801 MHz, 73, 575.02 W, 100 %
2026/09/16 10:48:54.811, 2002 MHz, 13801 MHz, 73, 574.99 W, 100 %
2026/09/16 10:48:55.311, 2002 MHz, 13801 MHz, 73, 574.98 W, 100 %
2026/09/16 10:48:55.811, 1995 MHz, 13801 MHz, 73, 574.98 W, 100 %
2026/09/16 10:48:56.311, 2032 MHz, 13801 MHz, 73, 575.00 W, 100 %
2026/09/16 10:48:56.811, 2025 MHz, 13801 MHz, 73, 574.96 W, 100 %
2026/09/16 10:48:57.311, 2032 MHz, 13801 MHz, 73, 574.95 W, 100 %
2026/09/16 10:48:57.811, 2032 MHz, 13801 MHz, 73, 574.99 W, 100 %
2026/09/16 10:48:58.311, 2025 MHz, 13801 MHz, 73, 575.01 W, 100 %
2026/09/16 10:48:58.812, 2025 MHz, 13801 MHz, 73, 575.00 W, 100 %
2026/09/16 10:48:59.312, 2032 MHz, 13801 MHz, 73, 575.02 W, 100 %
2026/09/16 10:48:59.812, 2025 MHz, 13801 MHz, 73, 575.00 W, 100 %
2026/09/16 10:49:00.312, 2025 MHz, 13801 MHz, 73, 574.98 W, 100 %
2026/09/16 10:49:00.812, 2025 MHz, 13801 MHz, 73, 575.00 W, 100 %
2026/09/16 10:49:01.312, 2025 MHz, 13801 MHz, 73, 575.00 W, 100 %
2026/09/16 10:49:01.812, 2025 MHz, 13801 MHz, 73, 574.97 W, 100 %
2026/09/16 10:49:02.313, 2017 MHz, 13801 MHz, 73, 574.96 W, 100 %
2026/09/16 10:49:02.813, 2010 MHz, 13801 MHz, 73, 574.99 W, 100 %
2026/09/16 10:49:03.313, 2017 MHz, 13801 MHz, 73, 575.01 W, 100 %
2026/09/16 10:49:03.813, 2010 MHz, 13801 MHz, 73, 574.96 W, 100 %
2026/09/16 10:49:04.313, 2010 MHz, 13801 MHz, 73, 575.01 W, 100 %
2026/09/16 10:49:04.813, 2010 MHz, 13801 MHz, 73, 574.98 W, 100 %
2026/09/16 10:49:05.313, 2550 MHz, 13801 MHz, 76, 574.65 W, 100 %
2026/09/16 10:49:05.813, 2610 MHz, 13801 MHz, 76, 574.98 W, 100 %
2026/09/16 10:49:06.313, 2602 MHz, 13801 MHz, 76, 575.44 W, 100 %
2026/09/16 10:49:06.814, 2610 MHz, 13801 MHz, 76, 575.03 W, 100 %
2026/09/16 10:49:07.314, 2602 MHz, 13801 MHz, 76, 575.02 W, 100 %
2026/09/16 10:49:07.814, 2850 MHz, 13801 MHz, 61, 396.61 W, 1 %
2026/09/16 10:49:08.314, 2467 MHz, 13801 MHz, 73, 360.35 W, 100 %
2026/09/16 10:49:08.814, 2347 MHz, 13801 MHz, 74, 517.62 W, 100 %
2026/09/16 10:49:09.314, 2287 MHz, 13801 MHz, 74, 575.32 W, 100 %
2026/09/16 10:49:09.814, 2287 MHz, 13801 MHz, 74, 575.08 W, 100 %
2026/09/16 10:49:10.314, 2355 MHz, 13801 MHz, 74, 574.96 W, 100 %
2026/09/16 10:49:10.815, 2362 MHz, 13801 MHz, 74, 574.93 W, 100 %
2026/09/16 10:49:11.315, 2362 MHz, 13801 MHz, 74, 574.99 W, 100 %
2026/09/16 10:49:11.815, 2295 MHz, 13801 MHz, 74, 575.00 W, 100 %
2026/09/16 10:49:12.315, 2287 MHz, 13801 MHz, 74, 574.99 W, 100 %
2026/09/16 10:49:12.815, 2287 MHz, 13801 MHz, 74, 574.98 W, 100 %
2026/09/16 10:49:13.315, 2362 MHz, 13801 MHz, 74, 575.04 W, 100 %
2026/09/16 10:49:13.816, 2362 MHz, 13801 MHz, 74, 574.99 W, 100 %
2026/09/16 10:49:14.316, 2362 MHz, 13801 MHz, 74, 574.99 W, 100 %
2026/09/16 10:49:14.816, 2287 MHz, 13801 MHz, 74, 575.00 W, 100 %
2026/09/16 10:49:15.316, 2287 MHz, 13801 MHz, 74, 574.99 W, 100 %
2026/09/16 10:49:15.816, 2310 MHz, 13801 MHz, 74, 574.98 W, 100 %
2026/09/16 10:49:16.316, 2362 MHz, 13801 MHz, 74, 574.97 W, 100 %
2026/09/16 10:49:16.817, 2827 MHz, 13801 MHz, 68, 496.63 W, 94 %
2026/09/16 10:49:17.317, 2827 MHz, 13801 MHz, 68, 399.62 W, 94 %
2026/09/16 10:49:17.817, 2827 MHz, 13801 MHz, 68, 361.02 W, 94 %
2026/09/16 10:49:18.317, 2842 MHz, 13801 MHz, 63, 303.89 W, 99 %
2026/09/16 10:49:18.817, 2842 MHz, 13801 MHz, 62, 246.94 W, 99 %
2026/09/16 10:49:19.317, 2850 MHz, 13801 MHz, 62, 221.87 W, 98 %
2026/09/16 10:49:19.818, 2857 MHz, 13801 MHz, 62, 221.88 W, 98 %
2026/09/16 10:49:20.318, 2857 MHz, 13801 MHz, 62, 224.45 W, 98 %
2026/09/16 10:49:20.818, 2857 MHz, 13801 MHz, 61, 222.63 W, 98 %
2026/09/16 10:49:21.318, 2857 MHz, 13801 MHz, 61, 221.21 W, 98 %
2026/09/16 10:49:21.818, 2842 MHz, 13801 MHz, 71, 269.48 W, 100 %
2026/09/16 10:49:22.318, 2707 MHz, 13801 MHz, 71, 432.60 W, 100 %
2026/09/16 10:49:22.818, 2670 MHz, 13801 MHz, 72, 577.91 W, 100 %
2026/09/16 10:49:23.319, 2850 MHz, 13801 MHz, 63, 464.72 W, 100 %
2026/09/16 10:49:23.819, 2850 MHz, 13801 MHz, 63, 305.89 W, 100 %
2026/09/16 10:49:24.319, 2857 MHz, 13801 MHz, 61, 267.05 W, 100 %
2026/09/16 10:49:24.819, 2857 MHz, 13801 MHz, 61, 253.73 W, 100 %
2026/09/16 10:49:25.319, 2857 MHz, 13801 MHz, 61, 244.57 W, 97 %
2026/09/16 10:49:25.820, 2857 MHz, 13801 MHz, 61, 242.65 W, 98 %
2026/09/16 10:49:26.320, 2857 MHz, 13801 MHz, 61, 240.43 W, 97 %
2026/09/16 10:49:26.820, 2857 MHz, 13801 MHz, 61, 240.07 W, 99 %
2026/09/16 10:49:27.320, 2857 MHz, 13801 MHz, 60, 240.04 W, 77 %
2026/09/16 10:49:27.820, 2850 MHz, 13801 MHz, 61, 243.39 W, 99 %
2026/09/16 10:49:28.320, 2850 MHz, 13801 MHz, 60, 245.85 W, 77 %
2026/09/16 10:49:28.820, 2857 MHz, 13801 MHz, 60, 239.49 W, 98 %
2026/09/16 10:49:29.321, 2857 MHz, 13801 MHz, 60, 232.46 W, 97 %
2026/09/16 10:49:29.821, 2857 MHz, 13801 MHz, 60, 234.49 W, 99 %
2026/09/16 10:49:30.321, 2857 MHz, 13801 MHz, 59, 236.89 W, 97 %
2026/09/16 10:49:30.822, 2865 MHz, 13801 MHz, 55, 205.70 W, 0 %
