run,seed,M,K,global_scale,baseline,baseline_us,triton_us,speedup
forward.jsonl,73,1,4096,1.0,cute_default,1.8771199882030487,1.7132799327373505,1.095629472064105
forward.jsonl,73,1,4096,1.0,cute_no_pdl,2.122880071401596,1.7132799327373505,1.2390736801602626
forward.jsonl,73,1,4096,32.0,cute_default,1.8361599743366241,1.7132799327373505,1.0717221040480789
forward.jsonl,73,1,4096,32.0,cute_no_pdl,2.0819200575351715,1.7132799327373505,1.2151663121442364
forward.jsonl,73,1,7168,1.0,cute_default,1.9180800020694733,1.8361599743366241,1.0446148641065143
forward.jsonl,73,1,7168,1.0,cute_no_pdl,2.1638399362564087,1.8361599743366241,1.1784593752721193
forward.jsonl,73,1,7168,32.0,cute_default,1.9180800020694733,1.7951999604701996,1.068449222540696
forward.jsonl,73,1,7168,32.0,cute_no_pdl,2.122880071401596,1.7951999604701996,1.1825312601085232
forward.jsonl,73,2,4096,1.0,cute_default,2.040960043668747,1.6723200678825378,1.2204362567106992
forward.jsonl,73,2,4096,1.0,cute_no_pdl,2.245759963989258,1.6723200678825378,1.342900804170101
forward.jsonl,73,2,4096,32.0,cute_default,2.040960043668747,1.7132799327373505,1.1912589441282102
forward.jsonl,73,2,4096,32.0,cute_no_pdl,2.245759963989258,1.7132799327373505,1.3107956972338728
forward.jsonl,73,3,4096,1.0,cute_default,2.040960043668747,1.7132799327373505,1.1912589441282102
forward.jsonl,73,3,4096,1.0,cute_no_pdl,2.245759963989258,1.7132799327373505,1.3107956972338728
forward.jsonl,73,3,4096,32.0,cute_default,2.040960043668747,1.754239946603775,1.1634440588472887
forward.jsonl,73,3,4096,32.0,cute_no_pdl,2.2047999501228333,1.754239946603775,1.2568405789591934
forward.jsonl,73,4,7168,1.0,cute_default,2.040960043668747,1.8771199882030487,1.0872826758520326
forward.jsonl,73,4,7168,1.0,cute_no_pdl,2.2047999501228333,1.8771199882030487,1.1745652723209612
forward.jsonl,73,4,7168,32.0,cute_default,2.040960043668747,1.8771199882030487,1.0872826758520326
forward.jsonl,73,4,7168,32.0,cute_no_pdl,2.1638399362564087,1.8771199882030487,1.152744603357953
forward.jsonl,73,7,4096,1.0,cute_default,2.0000000298023224,1.6313600540161133,1.2259709466826065
forward.jsonl,73,7,4096,1.0,cute_no_pdl,2.2867199778556824,1.6313600540161133,1.4017261071375333
forward.jsonl,73,7,4096,32.0,cute_default,2.0000000298023224,1.6723200678825378,1.195943329397875
forward.jsonl,73,7,4096,32.0,cute_no_pdl,2.1638399362564087,1.6723200678825378,1.2939149495444522
forward.jsonl,73,8,4096,1.0,cute_default,2.0188800245523453,1.6723200678825378,1.2072330311198236
forward.jsonl,73,8,4096,1.0,cute_no_pdl,2.2047999501228333,1.6723200678825378,1.3184078768572765
forward.jsonl,73,8,4096,32.0,cute_default,2.0000000298023224,1.6723200678825378,1.195943329397875
forward.jsonl,73,8,4096,32.0,cute_no_pdl,2.1638399362564087,1.6723200678825378,1.2939149495444522
forward.jsonl,73,16,7168,1.0,cute_default,2.0819200575351715,1.9180800020694733,1.0854187809105598
forward.jsonl,73,16,7168,1.0,cute_no_pdl,2.2867199778556824,1.9180800020694733,1.192192179360857
forward.jsonl,73,16,7168,32.0,cute_default,2.0000000298023224,1.9180800020694733,1.0427093904552798
forward.jsonl,73,16,7168,32.0,cute_no_pdl,2.245759963989258,1.9180800020694733,1.170837484133217
forward.jsonl,73,24,4096,1.0,cute_default,2.040960043668747,1.7132799327373505,1.1912589441282102
forward.jsonl,73,24,4096,1.0,cute_no_pdl,2.245759963989258,1.7132799327373505,1.3107956972338728
forward.jsonl,73,24,4096,32.0,cute_default,2.040960043668747,1.6723200678825378,1.2204362567106992
forward.jsonl,73,24,4096,32.0,cute_no_pdl,2.2047999501228333,1.6723200678825378,1.3184078768572765
forward.jsonl,73,128,4096,1.0,cute_default,2.2047999501228333,2.040960043668747,1.0802759010213518
forward.jsonl,73,128,4096,1.0,cute_no_pdl,2.3686400055885315,2.040960043668747,1.160551875053252
forward.jsonl,73,128,4096,32.0,cute_default,2.2047999501228333,2.245759963989258,0.9817611790559908
forward.jsonl,73,128,4096,32.0,cute_no_pdl,2.4092800170183177,2.245759963989258,1.072812791950655
forward.jsonl,73,256,7168,1.0,cute_default,3.269760012626648,3.187839984893799,1.0256976598954286
forward.jsonl,73,256,7168,1.0,cute_no_pdl,3.433600068092346,3.187839984893799,1.0770929796862858
forward.jsonl,73,256,7168,32.0,cute_default,3.3926400542259216,3.2287999987602234,1.0507433274060358
forward.jsonl,73,256,7168,32.0,cute_no_pdl,3.55648010969162,3.2287999987602234,1.1014866548120716
forward.jsonl,73,512,4096,1.0,cute_default,3.0239999294281006,2.614400088787079,1.1566706803590459
forward.jsonl,73,512,4096,1.0,cute_no_pdl,3.187839984893799,2.614400088787079,1.2193389980998512
forward.jsonl,73,512,4096,32.0,cute_default,3.0643200874328613,2.614400088787079,1.1720930168934158
forward.jsonl,73,512,4096,32.0,cute_no_pdl,3.2287999987602234,2.614400088787079,1.2350060775350526
forward.jsonl,73,1024,4096,1.0,cute_default,4.212479889392853,3.843199908733368,1.096086591754003
forward.jsonl,73,1024,4096,1.0,cute_no_pdl,4.416640102863312,3.843199908733368,1.149209046562175
forward.jsonl,73,1024,4096,32.0,cute_default,4.211840033531189,4.170880019664764,1.0098204728194786
forward.jsonl,73,1024,4096,32.0,cute_no_pdl,4.416640102863312,4.170880019664764,1.0589228369168722
forward.jsonl,73,4096,7168,1.0,cute_default,22.746560573577877,16.929919719696045,1.3435716737105865
forward.jsonl,73,4096,7168,1.0,cute_no_pdl,22.736001014709473,16.929919719696045,1.3429479519775105
forward.jsonl,73,4096,7168,32.0,cute_default,25.552000999450684,16.643199920654297,1.5352817439716337
forward.jsonl,73,4096,7168,32.0,cute_no_pdl,25.746560096740723,16.643199920654297,1.5469717493923214
forward.jsonl,73,16384,4096,1.0,cute_default,93.13599586486816,91.66464328765869,1.0160514733318944
forward.jsonl,73,16384,4096,1.0,cute_no_pdl,92.99263954162598,91.66464328765869,1.0144875516484564
forward.jsonl,73,16384,4096,32.0,cute_default,92.85312175750732,91.28928184509277,1.0171305971611015
forward.jsonl,73,16384,4096,32.0,cute_no_pdl,92.75808334350586,91.28928184509277,1.0160895284608051
forward.jsonl,109,1,4096,1.0,cute_default,1.8361599743366241,1.5904000401496887,1.154527117695372
forward.jsonl,109,1,4096,1.0,cute_no_pdl,1.959040015935898,1.5904000401496887,1.2317907233902692
forward.jsonl,109,1,4096,32.0,cute_default,1.8361599743366241,1.5904000401496887,1.154527117695372
forward.jsonl,109,1,4096,32.0,cute_no_pdl,2.0000000298023224,1.5904000401496887,1.2575452586219011
forward.jsonl,109,1,7168,1.0,cute_default,1.9180800020694733,1.7951999604701996,1.068449222540696
forward.jsonl,109,1,7168,1.0,cute_no_pdl,2.122880071401596,1.7951999604701996,1.1825312601085232
forward.jsonl,109,1,7168,32.0,cute_default,1.9180800020694733,1.7951999604701996,1.068449222540696
forward.jsonl,109,1,7168,32.0,cute_no_pdl,2.122880071401596,1.7951999604701996,1.1825312601085232
forward.jsonl,109,2,4096,1.0,cute_default,1.959040015935898,1.5904000401496887,1.2317907233902692
forward.jsonl,109,2,4096,1.0,cute_no_pdl,2.122880071401596,1.5904000401496887,1.3348088643167981
forward.jsonl,109,2,4096,32.0,cute_default,1.959040015935898,1.5904000401496887,1.2317907233902692
forward.jsonl,109,2,4096,32.0,cute_no_pdl,2.122880071401596,1.5904000401496887,1.3348088643167981
forward.jsonl,109,3,4096,1.0,cute_default,1.959040015935898,1.6313600540161133,1.2008630535687668
forward.jsonl,109,3,4096,1.0,cute_no_pdl,2.1638399362564087,1.6313600540161133,1.3264024277960136
forward.jsonl,109,3,4096,32.0,cute_default,1.959040015935898,1.6313600540161133,1.2008630535687668
forward.jsonl,109,3,4096,32.0,cute_no_pdl,2.122880071401596,1.6313600540161133,1.301294626024126
forward.jsonl,109,4,7168,1.0,cute_default,2.0000000298023224,1.8771199882030487,1.0654620068890246
forward.jsonl,109,4,7168,1.0,cute_no_pdl,2.1638399362564087,1.8771199882030487,1.152744603357953
forward.jsonl,109,4,7168,32.0,cute_default,2.006400004029274,1.8771199882030487,1.0688714715301626
forward.jsonl,109,4,7168,32.0,cute_no_pdl,2.1638399362564087,1.8771199882030487,1.152744603357953
forward.jsonl,109,7,4096,1.0,cute_default,2.0000000298023224,1.6723200678825378,1.195943329397875
forward.jsonl,109,7,4096,1.0,cute_no_pdl,2.1638399362564087,1.6723200678825378,1.2939149495444522
forward.jsonl,109,7,4096,32.0,cute_default,2.0000000298023224,1.6723200678825378,1.195943329397875
forward.jsonl,109,7,4096,32.0,cute_no_pdl,2.1638399362564087,1.6723200678825378,1.2939149495444522
forward.jsonl,109,8,4096,1.0,cute_default,2.0000000298023224,1.6723200678825378,1.195943329397875
forward.jsonl,109,8,4096,1.0,cute_no_pdl,2.1638399362564087,1.6723200678825378,1.2939149495444522
forward.jsonl,109,8,4096,32.0,cute_default,2.0000000298023224,1.6723200678825378,1.195943329397875
forward.jsonl,109,8,4096,32.0,cute_no_pdl,2.1638399362564087,1.6723200678825378,1.2939149495444522
forward.jsonl,109,16,7168,1.0,cute_default,2.040960043668747,1.9180800020694733,1.0640640856829198
forward.jsonl,109,16,7168,1.0,cute_no_pdl,2.245759963989258,1.9180800020694733,1.170837484133217
forward.jsonl,109,16,7168,32.0,cute_default,2.122880071401596,1.959040015935898,1.0836328273710254
forward.jsonl,109,16,7168,32.0,cute_no_pdl,2.2867199778556824,1.959040015935898,1.1672655786784636
forward.jsonl,109,24,4096,1.0,cute_default,2.040960043668747,1.7132799327373505,1.1912589441282102
forward.jsonl,109,24,4096,1.0,cute_no_pdl,2.245759963989258,1.7132799327373505,1.3107956972338728
forward.jsonl,109,24,4096,32.0,cute_default,2.0819200575351715,1.7132799327373505,1.2151663121442364
forward.jsonl,109,24,4096,32.0,cute_no_pdl,2.245759963989258,1.7132799327373505,1.3107956972338728
forward.jsonl,109,128,4096,1.0,cute_default,2.2047999501228333,2.040960043668747,1.0802759010213518
forward.jsonl,109,128,4096,1.0,cute_no_pdl,2.4076800048351283,2.040960043668747,1.1796801276458018
forward.jsonl,109,128,4096,32.0,cute_default,2.2047999501228333,2.040960043668747,1.0802759010213518
forward.jsonl,109,128,4096,32.0,cute_no_pdl,2.409600019454956,2.040960043668747,1.1806208685612272
forward.jsonl,109,256,7168,1.0,cute_default,3.0643200874328613,2.7372801303863525,1.1194762470293271
forward.jsonl,109,256,7168,1.0,cute_no_pdl,3.1472000479698186,2.7372801303863525,1.1497544635760784
forward.jsonl,109,256,7168,32.0,cute_default,3.2256001234054565,3.1059199571609497,1.0385329203248057
forward.jsonl,109,256,7168,32.0,cute_no_pdl,3.3926400542259216,3.1059199571609497,1.0923140650820429
forward.jsonl,109,512,4096,1.0,cute_default,3.064959943294525,2.614400088787079,1.1723377597942473
forward.jsonl,109,512,4096,1.0,cute_no_pdl,3.2287999987602234,2.614400088787079,1.2350060775350526
forward.jsonl,109,512,4096,32.0,cute_default,3.064959943294525,2.6553601026535034,1.1542539711400004
forward.jsonl,109,512,4096,32.0,cute_no_pdl,3.2287999987602234,2.6553601026535034,1.215955604489832
forward.jsonl,109,1024,4096,1.0,cute_default,4.2528000473976135,3.8841599225997925,1.0949085856771517
forward.jsonl,109,1024,4096,1.0,cute_no_pdl,4.416640102863312,3.8841599225997925,1.1370901793114412
forward.jsonl,109,1024,4096,32.0,cute_default,4.211840033531189,3.842879980802536,1.0960113390404662
forward.jsonl,109,1024,4096,32.0,cute_no_pdl,4.416640102863312,3.842879980802536,1.1493047206592575
forward.jsonl,109,4096,7168,1.0,cute_default,22.97152042388916,17.155200242996216,1.3390412293944232
forward.jsonl,109,4096,7168,1.0,cute_no_pdl,23.053441047668457,17.155200242996216,1.3438164941898745
forward.jsonl,109,4096,7168,32.0,cute_default,25.901119709014893,18.097280263900757,1.4312161458139494
forward.jsonl,109,4096,7168,32.0,cute_no_pdl,26.105599403381348,18.097280263900757,1.4425150642914588
forward.jsonl,109,16384,4096,1.0,cute_default,92.90048122406006,91.5180826187134,1.0151051963261302
forward.jsonl,109,16384,4096,1.0,cute_no_pdl,92.8752040863037,91.5180826187134,1.014828998037955
forward.jsonl,109,16384,4096,32.0,cute_default,92.6799964904785,91.29280090332031,1.0151950161834473
forward.jsonl,109,16384,4096,32.0,cute_no_pdl,92.74912357330322,91.29280090332031,1.0159522180891916
reverse.jsonl,73,1,4096,1.0,cute_default,1.8361599743366241,1.5904000401496887,1.154527117695372
reverse.jsonl,73,1,4096,1.0,cute_no_pdl,1.959040015935898,1.5904000401496887,1.2317907233902692
reverse.jsonl,73,1,4096,32.0,cute_default,1.8361599743366241,1.5904000401496887,1.154527117695372
reverse.jsonl,73,1,4096,32.0,cute_no_pdl,1.959040015935898,1.5904000401496887,1.2317907233902692
reverse.jsonl,73,1,7168,1.0,cute_default,1.9180800020694733,1.8361599743366241,1.0446148641065143
reverse.jsonl,73,1,7168,1.0,cute_no_pdl,2.122880071401596,1.8361599743366241,1.1561520243727998
reverse.jsonl,73,1,7168,32.0,cute_default,1.9523199647665024,1.8220800161361694,1.0714787207350611
reverse.jsonl,73,1,7168,32.0,cute_no_pdl,2.1638399362564087,1.8220800161361694,1.1875658132977946
reverse.jsonl,73,2,4096,1.0,cute_default,1.959040015935898,1.5904000401496887,1.2317907233902692
reverse.jsonl,73,2,4096,1.0,cute_no_pdl,2.122880071401596,1.5904000401496887,1.3348088643167981
reverse.jsonl,73,2,4096,32.0,cute_default,1.959040015935898,1.5904000401496887,1.2317907233902692
reverse.jsonl,73,2,4096,32.0,cute_no_pdl,2.122880071401596,1.5904000401496887,1.3348088643167981
reverse.jsonl,73,3,4096,1.0,cute_default,1.959040015935898,1.6313600540161133,1.2008630535687668
reverse.jsonl,73,3,4096,1.0,cute_no_pdl,2.122880071401596,1.6313600540161133,1.301294626024126
reverse.jsonl,73,3,4096,32.0,cute_default,1.959040015935898,1.5904000401496887,1.2317907233902692
reverse.jsonl,73,3,4096,32.0,cute_no_pdl,2.122880071401596,1.5904000401496887,1.3348088643167981
reverse.jsonl,73,4,7168,1.0,cute_default,2.040960043668747,1.8828799575567245,1.0839565398089166
reverse.jsonl,73,4,7168,1.0,cute_no_pdl,2.2047999501228333,1.8828799575567245,1.1709721277100642
reverse.jsonl,73,4,7168,32.0,cute_default,1.959040015935898,1.8771199882030487,1.0436413379260165
reverse.jsonl,73,4,7168,32.0,cute_no_pdl,2.1638399362564087,1.8771199882030487,1.152744603357953
reverse.jsonl,73,7,4096,1.0,cute_default,2.0000000298023224,1.6723200678825378,1.195943329397875
reverse.jsonl,73,7,4096,1.0,cute_no_pdl,2.1638399362564087,1.6723200678825378,1.2939149495444522
reverse.jsonl,73,7,4096,32.0,cute_default,1.9942399859428406,1.6313600540161133,1.2224401235235487
reverse.jsonl,73,7,4096,32.0,cute_no_pdl,2.1638399362564087,1.6313600540161133,1.3264024277960136
reverse.jsonl,73,8,4096,1.0,cute_default,2.0000000298023224,1.6723200678825378,1.195943329397875
reverse.jsonl,73,8,4096,1.0,cute_no_pdl,2.1638399362564087,1.6723200678825378,1.2939149495444522
reverse.jsonl,73,8,4096,32.0,cute_default,2.0000000298023224,1.6710400581359863,1.196859417022764
reverse.jsonl,73,8,4096,32.0,cute_no_pdl,2.1638399362564087,1.6710400581359863,1.2949060830236059
reverse.jsonl,73,16,7168,1.0,cute_default,2.1638399362564087,1.959040015935898,1.1045409581501944
reverse.jsonl,73,16,7168,1.0,cute_no_pdl,2.2867199778556824,1.959040015935898,1.1672655786784636
reverse.jsonl,73,16,7168,32.0,cute_default,2.122880071401596,1.959040015935898,1.0836328273710254
reverse.jsonl,73,16,7168,32.0,cute_no_pdl,2.2867199778556824,1.959040015935898,1.1672655786784636
reverse.jsonl,73,24,4096,1.0,cute_default,2.0819200575351715,1.6723200678825378,1.2449291840235237
reverse.jsonl,73,24,4096,1.0,cute_no_pdl,2.245759963989258,1.6723200678825378,1.342900804170101
reverse.jsonl,73,24,4096,32.0,cute_default,2.0819200575351715,1.7132799327373505,1.2151663121442364
reverse.jsonl,73,24,4096,32.0,cute_no_pdl,2.245759963989258,1.7132799327373505,1.3107956972338728
reverse.jsonl,73,128,4096,1.0,cute_default,2.2047999501228333,2.040960043668747,1.0802759010213518
reverse.jsonl,73,128,4096,1.0,cute_no_pdl,2.3686400055885315,2.040960043668747,1.160551875053252
reverse.jsonl,73,128,4096,32.0,cute_default,2.2047999501228333,2.040960043668747,1.0802759010213518
reverse.jsonl,73,128,4096,32.0,cute_no_pdl,2.409600019454956,2.040960043668747,1.1806208685612272
reverse.jsonl,73,256,7168,1.0,cute_default,3.0239999294281006,2.778240144252777,1.088458798525288
reverse.jsonl,73,256,7168,1.0,cute_no_pdl,3.187839984893799,2.778240144252777,1.14743140238915
reverse.jsonl,73,256,7168,32.0,cute_default,3.3107200264930725,3.1468799710273743,1.0520642849343278
reverse.jsonl,73,256,7168,32.0,cute_no_pdl,3.4745600819587708,3.1468799710273743,1.1041285698686554
reverse.jsonl,73,512,4096,1.0,cute_default,3.0239999294281006,2.6553601026535034,1.1388285628025423
reverse.jsonl,73,512,4096,1.0,cute_no_pdl,3.2287999987602234,2.6553601026535034,1.215955604489832
reverse.jsonl,73,512,4096,32.0,cute_default,3.057919889688492,2.653760015964508,1.152297069551367
reverse.jsonl,73,512,4096,32.0,cute_no_pdl,3.2287999987602234,2.653760015964508,1.2166887658779941
reverse.jsonl,73,1024,4096,1.0,cute_default,4.211840033531189,3.8841599225997925,1.0843631872685793
reverse.jsonl,73,1024,4096,1.0,cute_no_pdl,4.416640102863312,3.8841599225997925,1.1370901793114412
reverse.jsonl,73,1024,4096,32.0,cute_default,4.222079962491989,3.858879953622818,1.09412057727481
reverse.jsonl,73,1024,4096,32.0,cute_no_pdl,4.42335993051529,3.858879953622818,1.1462807819047398
reverse.jsonl,73,4096,7168,1.0,cute_default,26.116799116134647,18.48639965057373,1.4127574654767405
reverse.jsonl,73,4096,7168,1.0,cute_no_pdl,26.309440135955814,18.48639965057373,1.423178154386557
reverse.jsonl,73,4096,7168,32.0,cute_default,22.931519746780396,17.523839473724365,1.3085899229540665
reverse.jsonl,73,4096,7168,32.0,cute_no_pdl,22.920320034027103,17.523839473724365,1.3079508100033865
reverse.jsonl,73,16384,4096,1.0,cute_default,93.67871761322021,91.5385627746582,1.0233798169174937
reverse.jsonl,73,16384,4096,1.0,cute_no_pdl,93.31999778747559,91.5385627746582,1.0194610332391034
reverse.jsonl,73,16384,4096,32.0,cute_default,93.504638671875,91.31328105926515,1.0239982353847037
reverse.jsonl,73,16384,4096,32.0,cute_no_pdl,93.31999778747559,91.31328105926515,1.0219761759180246
reverse.jsonl,109,1,4096,1.0,cute_default,1.8361599743366241,1.5904000401496887,1.154527117695372
reverse.jsonl,109,1,4096,1.0,cute_no_pdl,1.959040015935898,1.5904000401496887,1.2317907233902692
reverse.jsonl,109,1,4096,32.0,cute_default,1.8361599743366241,1.5904000401496887,1.154527117695372
reverse.jsonl,109,1,4096,32.0,cute_no_pdl,1.959040015935898,1.5904000401496887,1.2317907233902692
reverse.jsonl,109,1,7168,1.0,cute_default,1.9180800020694733,1.8361599743366241,1.0446148641065143
reverse.jsonl,109,1,7168,1.0,cute_no_pdl,2.122880071401596,1.8361599743366241,1.1561520243727998
reverse.jsonl,109,1,7168,32.0,cute_default,1.95872001349926,1.823360025882721,1.07423656639122
reverse.jsonl,109,1,7168,32.0,cute_no_pdl,2.1638399362564087,1.823360025882721,1.1867321349270314
reverse.jsonl,109,2,4096,1.0,cute_default,1.959040015935898,1.5904000401496887,1.2317907233902692
reverse.jsonl,109,2,4096,1.0,cute_no_pdl,2.122880071401596,1.5904000401496887,1.3348088643167981
reverse.jsonl,109,2,4096,32.0,cute_default,1.959040015935898,1.5904000401496887,1.2317907233902692
reverse.jsonl,109,2,4096,32.0,cute_no_pdl,2.122880071401596,1.5904000401496887,1.3348088643167981
reverse.jsonl,109,3,4096,1.0,cute_default,1.959040015935898,1.6313600540161133,1.2008630535687668
reverse.jsonl,109,3,4096,1.0,cute_no_pdl,2.122880071401596,1.6313600540161133,1.301294626024126
reverse.jsonl,109,3,4096,32.0,cute_default,1.959040015935898,1.5904000401496887,1.2317907233902692
reverse.jsonl,109,3,4096,32.0,cute_no_pdl,2.122880071401596,1.5904000401496887,1.3348088643167981
reverse.jsonl,109,4,7168,1.0,cute_default,2.040960043668747,1.8771199882030487,1.0872826758520326
reverse.jsonl,109,4,7168,1.0,cute_no_pdl,2.2047999501228333,1.8771199882030487,1.1745652723209612
reverse.jsonl,109,4,7168,32.0,cute_default,1.959040015935898,1.8771199882030487,1.0436413379260165
reverse.jsonl,109,4,7168,32.0,cute_no_pdl,2.1638399362564087,1.8771199882030487,1.152744603357953
reverse.jsonl,109,7,4096,1.0,cute_default,2.0000000298023224,1.6723200678825378,1.195943329397875
reverse.jsonl,109,7,4096,1.0,cute_no_pdl,2.1638399362564087,1.6723200678825378,1.2939149495444522
reverse.jsonl,109,7,4096,32.0,cute_default,1.9977600127458572,1.6361600160598755,1.2210052764623658
reverse.jsonl,109,7,4096,32.0,cute_no_pdl,2.1638399362564087,1.6361600160598755,1.3225111939034346
reverse.jsonl,109,8,4096,1.0,cute_default,2.0000000298023224,1.6723200678825378,1.195943329397875
reverse.jsonl,109,8,4096,1.0,cute_no_pdl,2.1638399362564087,1.6723200678825378,1.2939149495444522
reverse.jsonl,109,8,4096,32.0,cute_default,2.0000000298023224,1.6630399972200394,1.2026169142928311
reverse.jsonl,109,8,4096,32.0,cute_no_pdl,2.1638399362564087,1.6630399972200394,1.3011352341937135
reverse.jsonl,109,16,7168,1.0,cute_default,2.1638399362564087,1.959040015935898,1.1045409581501944
reverse.jsonl,109,16,7168,1.0,cute_no_pdl,2.2867199778556824,1.959040015935898,1.1672655786784636
reverse.jsonl,109,16,7168,32.0,cute_default,2.1113599836826324,1.959040015935898,1.0777523514107321
reverse.jsonl,109,16,7168,32.0,cute_no_pdl,2.245759963989258,1.959040015935898,1.1463573718357072
reverse.jsonl,109,24,4096,1.0,cute_default,2.0819200575351715,1.6723200678825378,1.2449291840235237
reverse.jsonl,109,24,4096,1.0,cute_no_pdl,2.245759963989258,1.6723200678825378,1.342900804170101
reverse.jsonl,109,24,4096,32.0,cute_default,2.0819200575351715,1.7132799327373505,1.2151663121442364
reverse.jsonl,109,24,4096,32.0,cute_no_pdl,2.245759963989258,1.7132799327373505,1.3107956972338728
reverse.jsonl,109,128,4096,1.0,cute_default,2.2047999501228333,2.040960043668747,1.0802759010213518
reverse.jsonl,109,128,4096,1.0,cute_no_pdl,2.3686400055885315,2.040960043668747,1.160551875053252
reverse.jsonl,109,128,4096,32.0,cute_default,2.2047999501228333,2.040960043668747,1.0802759010213518
reverse.jsonl,109,128,4096,32.0,cute_no_pdl,2.409600019454956,2.040960043668747,1.1806208685612272
reverse.jsonl,109,256,7168,1.0,cute_default,3.0239999294281006,2.778240144252777,1.088458798525288
reverse.jsonl,109,256,7168,1.0,cute_no_pdl,3.187839984893799,2.778240144252777,1.14743140238915
reverse.jsonl,109,256,7168,32.0,cute_default,3.3107200264930725,3.1468799710273743,1.0520642849343278
reverse.jsonl,109,256,7168,32.0,cute_no_pdl,3.4745600819587708,3.1468799710273743,1.1041285698686554
reverse.jsonl,109,512,4096,1.0,cute_default,3.0239999294281006,2.689279913902283,1.1244645504528836
reverse.jsonl,109,512,4096,1.0,cute_no_pdl,3.2233600318431854,2.689279913902283,1.1985959569251103
reverse.jsonl,109,512,4096,32.0,cute_default,3.0291199684143066,2.614400088787079,1.158629079537567
reverse.jsonl,109,512,4096,32.0,cute_no_pdl,3.2287999987602234,2.614400088787079,1.2350060775350526
reverse.jsonl,109,1024,4096,1.0,cute_default,4.293760061264038,4.007039964199066,1.0715540897087814
reverse.jsonl,109,1024,4096,1.0,cute_no_pdl,4.5395201444625854,4.007039964199066,1.1328861666020225
reverse.jsonl,109,1024,4096,32.0,cute_default,4.621439874172211,4.508800059556961,1.0249822154736037
reverse.jsonl,109,1024,4096,32.0,cute_no_pdl,4.949119985103607,4.508800059556961,1.0976578956109029
reverse.jsonl,109,4096,7168,1.0,cute_default,25.162880420684814,18.793279528617862,1.3389297159320974
reverse.jsonl,109,4096,7168,1.0,cute_no_pdl,25.377919673919674,18.793279528617862,1.3503720644007295
reverse.jsonl,109,4096,7168,32.0,cute_default,23.032960891723633,17.288320064544678,1.3322845022380287
reverse.jsonl,109,4096,7168,32.0,cute_no_pdl,23.03328037261963,17.288320064544678,1.3323029818181618
reverse.jsonl,109,16384,4096,1.0,cute_default,93.3407974243164,91.29248142242433,1.022436853177582
reverse.jsonl,109,16384,4096,1.0,cute_no_pdl,93.17695617675781,91.29248142242433,1.0206421681717
reverse.jsonl,109,16384,4096,32.0,cute_default,93.26879978179932,91.47711753845215,1.019586124831645
reverse.jsonl,109,16384,4096,32.0,cute_no_pdl,93.0844783782959,91.47711753845215,1.0175711793626214
