batch,kv_len,flashinfer_bf16_us,triton_bf16_us,fp8_cache_fixed_tile_bf16_mma_us,fp8_cache_tuned_bf16_mma_us,fp8_cache_fp8_mma_us,fp8_widen_then_flashinfer_us,native_fp8_speedup_vs_flashinfer,cache_only_fixed_tile_speedup,fp8_cache_bytes,bf16_cache_bytes,new_kv_quant_us
1,1024,22.52800017595291,16.383999958634377,16.383999958634377,14.336000196635723,16.383999958634377,22.52800017595291,1.3750000142108547,1.0,593920,1179648,2.623999956995249
1,8192,55.296000093221664,40.95999896526337,40.95999896526337,36.86400130391121,24.57600086927414,59.39200147986412,2.2499999242087774,1.0,4751360,9437184,1.728000002913177
1,32768,104.44799810647964,118.78400295972824,135.16800105571747,112.64000087976456,61.43999844789505,139.26400244235992,1.7000000121265963,0.878787893820849,19005440,37748736,3.0879999976605177
4,1024,38.91199827194214,24.57600086927414,26.623999699950218,22.52800017595291,18.432000651955605,40.95999896526337,2.1111109426861723,0.9230769661299272,2375680,4718592,1.728000002913177
4,8192,95.07200121879578,98.30400347709656,90.11200070381165,90.11200070381165,57.34400078654289,131.071999669075,1.6579241056565177,1.0909091209750312,19005440,37748736,2.9280000599101186
4,32768,231.4240038394928,317.440003156662,368.6400055885315,307.20001459121704,151.5520066022873,428.0320107936859,1.527026985837349,0.8611111066197793,76021760,150994944,3.0720001086592674
16,1024,55.296000093221664,59.39200147986412,53.247999399900436,53.247999399900436,40.52799940109253,69.63200122117996,1.3643900737851626,1.1153846557468068,9502720,18874368,3.008000086992979
16,8192,299.00801181793213,319.487988948822,368.6400055885315,307.20001459121704,151.5520066022873,491.5199875831604,1.9729729650007772,0.8666666235498814,76021760,150994944,3.0720001086592674
16,32768,1257.472038269043,1179.6480417251587,1353.7280559539795,1318.9120292663574,494.30400133132935,2100.7360219955444,2.543924457180686,0.8714069539571258,304087040,603979776,1.8560000462457538
